country,year,gdp,literacy_rate,schooling,population_historical,gdp_per_school_year
afghanistan,2015,2967.6921,33.75384,4.81,33831767.0,1.4728000496277918
armenia,2020,15052.936,100.0,10.54,2890893.0,7.451948514851485
bangladesh,2015,5352.7114,65.0,6.76,159383179.0,2.6564324565756823
bangladesh,2020,7015.1978,75.0,7.23,166298024.0,3.472870198019802
belize,2015,12348.795,90.91604,10.56,356341.0,6.128434243176179
bolivia,2015,11144.642,92.0,8.62,11014707.0,5.5308397022332505
bolivia,2020,10285.659,94.0,9.06,11816301.0,5.091910396039604
brazil,2000,14005.348,86.0,6.76,174018278.0,7.002674
brazil,2010,18062.158,90.0,8.17,193701931.0,8.986148258706468
brazil,2015,18357.068,92.0,7.66,201675534.0,9.110207444168735
cambodia,2015,4968.5728,81.0,5.32,15623253.0,2.465792952853598
cameroon,2000,3822.9443,68.0,5.76,14912632.0,1.91147215
cameroon,2010,4286.583,71.0,6.41,19668063.0,2.132628358208955
chile,2015,27811.375,97.0,10.49,18047630.0,13.802171215880893
china,1990,1666.9277,78.0,6.45,1153582725.0,0.8376521105527638
china,2000,4066.0364,91.0,7.79,1269581174.0,2.0330182
china,2010,10476.3125,95.0,8.25,1351561505.0,5.212095771144279
china,2020,19215.154,97.0,8.99,1426106093.0,9.512452475247525
colombia,2005,11999.255,93.0,7.56,42128978.0,5.984665835411471
colombia,2010,14037.064,93.0,9.35,44777325.0,6.983613930348259
colombia,2015,16821.38,94.0,9.78,46969938.0,8.348079404466501
colombia,2020,15861.5,96.0,10.2,50629997.0,7.852227722772278
costa rica,2000,14018.742,95.0,7.96,3937737.0,7.009371
cote d'ivoire,2000,4838.3403,49.0,4.06,17699007.0,2.41917015
dominican republic,2010,14975.001,90.0,8.12,9820180.0,7.450249253731343
dominican republic,2015,17973.188,92.0,8.48,10434826.0,8.919696277915632
ecuador,1990,9104.816,88.0,7.23,10473674.0,4.5752844221105535
ecuador,2010,11665.698,92.0,8.02,15076697.0,5.8038298507462684
ecuador,2015,13881.57,94.0,8.54,16266229.0,6.889116625310174
ecuador,2020,12440.326,94.0,9.07,17546058.0,6.1585772277227715
egypt,2005,10700.609,67.0,6.93,81101012.0,5.336962094763092
egypt,2010,13128.988,72.0,7.44,89196073.0,6.5318348258706465
el salvador,2010,8648.93,84.0,8.06,6068253.0,4.302950248756219
el salvador,2015,9646.154,88.0,7.67,6183675.0,4.787173200992556
el salvador,2020,9692.449,90.0,8.1,6234679.0,4.798242079207921
eswatini,2000,6106.0747,82.0,4.62,1041428.0,3.05303735
gambia,2000,2658.6177,37.0,2.77,1455095.0,1.3293088499999999
gambia,2015,2495.9575,51.0,4.42,2224530.0,1.2386885856079404
ghana,2000,3327.352,58.0,6.67,19637085.0,1.663676
ghana,2010,4495.689,71.0,7.66,25475000.0,2.236661194029851
guatemala,2015,10785.958,80.19509,5.72,15971745.0,5.352832754342432
guyana,2020,19234.13,85.63835,8.52,807486.0,9.521846534653466
honduras,2010,5396.0723,85.0,6.6,8365881.0,2.6846130845771143
honduras,2015,5812.5347,88.0,7.04,9237306.0,2.884632605459057
indonesia,1990,4873.0537,82.0,4.44,183501097.0,2.4487707035175883
indonesia,2015,10893.662,95.0,8.5,261799249.0,5.406283870967742
indonesia,2020,12388.545,96.0,9.06,274814861.0,6.132943069306931
iran,2005,13935.774,82.0,8.49,71828455.0,6.95051072319202
iraq,2000,12702.164,74.0,6.23,24424060.0,6.351082
jordan,2005,9839.688,91.0,9.42,6029597.0,4.90757506234414
jordan,2010,10953.538,93.0,9.92,7297046.0,5.449521393034826
kenya,2000,3756.6362,82.0,5.91,30642893.0,1.8783181
kuwait,1995,64093.52,78.0,6.15,1681518.0,32.12707769423559
kuwait,2005,78193.9,93.0,6.14,2236797.0,38.99945137157107
kuwait,2010,62956.215,94.0,6.39,2943374.0,31.321499999999997
kuwait,2015,57763.516,96.0,6.49,3834465.0,28.666757320099258
kuwait,2020,49372.82,96.0,6.62,4400146.0,24.4419900990099
laos,2015,6703.741,85.0,5.47,6801647.0,3.3269186104218362
lesotho,2000,1932.158,86.0,6.37,2003919.0,0.9660789999999999
malawi,2020,1656.4398,70.15227,5.41,19533885.0,0.820019702970297
malaysia,2000,18532.91,89.0,9.49,22967817.0,9.266455
malaysia,2010,23307.97,93.0,10.89,28655772.0,11.596004975124378
mali,2010,2632.2646,31.0,2.14,15945201.0,1.3095843781094527
mali,2015,2686.5605,33.0,2.78,18593022.0,1.3332806451612904
malta,1995,22310.963,88.0,10.06,384559.0,11.183440100250627
malta,2005,32775.75,92.0,10.6,413324.0,16.347007481296757
mauritania,2015,5969.5425,65.11202,5.1,3965959.0,2.962552109181141
mauritania,2020,5963.2354,59.52966,5.55,4600136.0,2.952096732673267
mauritius,1990,9058.666,80.0,6.85,1089033.0,4.552093467336683
mauritius,2000,13481.754,84.0,7.07,1216632.0,6.740877
mauritius,2015,22603.088,93.0,9.9,1292283.0,11.217413399503721
mexico,1990,17169.592,88.0,6.68,82820170.0,8.62793567839196
mexico,2000,20470.494,91.0,7.96,98625553.0,10.235247
mexico,2005,20277.256,92.0,8.9,105811504.0,10.11334463840399
mexico,2010,20058.385,93.0,9.18,113623898.0,9.979296019900497
mexico,2015,21408.928,94.0,9.65,121072310.0,10.624778163771712
mexico,2020,19728.482,95.0,10.18,126799053.0,9.766575247524752
mongolia,2020,14801.342,99.0,10.0,3290786.0,7.32739702970297
mozambique,2015,1512.5997,56.0,3.31,26547576.0,0.7506698263027295
mozambique,2020,1466.1248,60.0,4.22,30783685.0,0.7258043564356436
myanmar,2000,1359.9304,90.0,3.89,45290850.0,0.6799651999999999
nicaragua,2005,5356.9585,78.0,6.28,5342108.0,2.671799750623441
niger,2005,1233.8755,29.0,1.62,13756192.0,0.6153992518703243
pakistan,2005,4042.1545,50.0,5.05,175453212.0,2.016037157107232
pakistan,2010,4228.7817,55.0,5.22,199239048.0,2.1038714925373134
panama,1990,10263.688,89.0,8.08,2455588.0,5.15763216080402
panama,2000,14572.976,92.0,9.24,3010376.0,7.286488
panama,2010,22739.111,94.0,9.72,3628537.0,11.312990547263682
paraguay,2010,12738.576,94.0,7.99,5737973.0,6.337599999999999
paraguay,2015,14427.601,96.0,8.4,6159106.0,7.1600997518610425
paraguay,2020,14991.66,95.0,8.83,6603741.0,7.421613861386138
peru,2005,8949.954,88.0,9.88,28101175.0,4.463817456359102
peru,2015,14542.793,94.0,9.61,30457598.0,7.21726699751861
peru,2020,13609.6,94.0,9.96,32838577.0,6.737425742574257
philippines,1990,4504.4624,94.0,7.15,62854668.0,2.263548944723618
philippines,2000,4740.439,93.0,7.96,79625401.0,2.3702195
philippines,2015,7691.763,98.0,9.14,105312988.0,3.8172521091811413
philippines,2020,8455.185,98.0,9.44,112081270.0,4.185735148514851
russia,2010,33063.586,100.0,12.02,143934468.0,16.44954527363184
rwanda,2020,2520.3174,80.05086,5.24,13065838.0,1.2476818811881187
saudi arabia,2020,57420.734,98.0,9.86,30991206.0,28.42610594059406
senegal,2015,3593.7947,43.59273,3.73,14593335.0,1.7835209429280396
singapore,2015,108953.73,97.0,12.54,5525343.0,54.071330024813896
singapore,2020,115893.04,97.0,13.06,5620151.0,57.37279207920792
south africa,2010,14164.996,93.0,9.89,52344047.0,7.047261691542288
south africa,2015,14541.675,94.0,10.15,56723536.0,7.2167121588089325
spain,2005,43570.766,98.0,10.64,43958883.0,21.731055361596013
spain,2010,42695.527,98.0,10.75,46840469.0,21.241555721393034
spain,2015,43053.76,98.0,11.24,46683683.0,21.366630272952854
spain,2020,41553.45,99.0,11.51,47679482.0,20.571014851485145
sri lanka,2010,9832.187,91.0,10.67,20879092.0,4.891635323383085
sri lanka,2020,13886.651,92.0,10.33,22561808.0,6.874579702970297
sudan,2000,3575.852,61.0,3.09,27816748.0,1.787926
tanzania,2015,3111.4446,78.0,6.41,52020958.0,1.544141240694789
thailand,2000,11622.525,93.0,6.09,63007815.0,5.8112625
thailand,2005,14458.255,94.0,7.46,66017415.0,7.211099750623441
thailand,2010,16730.37,96.0,8.47,68579443.0,8.323567164179105
thailand,2015,18811.998,93.0,8.71,70540787.0,9.335979156327543
togo,2000,2160.9893,53.0,5.05,4783721.0,1.0804946500000001
togo,2015,2388.426,64.0,6.85,7071500.0,1.185323076923077
trinidad and tobago,1990,11869.528,97.0,8.71,1252215.0,5.964586934673367
tunisia,2010,12458.271,79.0,8.0,10765984.0,6.1981447761194035
turkey,1990,12184.199,79.0,5.22,56015627.0,6.122713065326633
turkey,2005,17902.596,88.0,6.86,69329557.0,8.928975561097257
turkey,2010,19897.447,93.0,7.44,73346766.0,9.89922736318408
turkey,2015,25984.803,96.0,8.13,80014222.0,12.895683870967742
uganda,2010,2244.606,73.0,5.87,32390801.0,1.1167194029850747
uruguay,2010,24879.836,98.0,8.61,3318581.0,12.378027860696518
uruguay,2015,28941.629,99.0,8.65,3368022.0,14.363091315136478
zambia,1990,2425.1113,65.0,5.02,7786163.0,1.218648894472362
zambia,2010,3266.5076,83.0,7.4,13965592.0,1.6251281592039801
