country,year,illiteracy_male,illiteracy_female,female_to_male_ratio,illiterate_total
afghanistan,2011,62.0,32.0,0.5161290322580645,94.0
afghanistan,2015,57.73505,25.48416,0.4413984226219601,83.21921
afghanistan,2021,71.0,42.0,0.5915492957746479,113.0
afghanistan,2022,83.4,44.17171,0.5296368105515586,127.57171
albania,2001,99.0,99.0,1.0,198.0
albania,2008,99.0,99.0,1.0,198.0
albania,2009,94.82,96.61,1.018877873866273,191.43
albania,2011,99.0,99.0,1.0,198.0
albania,2012,99.0,99.0,1.0,198.0
albania,2017,98.58999,99.52556,1.00948950294041,198.11554999999998
algeria,2002,94.0,86.0,0.9148936170212766,180.0
algeria,2006,94.0,89.0,0.9468085106382979,183.0
algeria,2008,96.0,92.0,0.9583333333333334,188.0
algeria,2019,64.79,97.9897,1.512420126562741,162.7797
angola,2001,84.0,63.0,0.75,147.0
angola,2014,85.0,71.0,0.8352941176470589,156.0
angola,2015,83.96919,67.4276,0.8030040542251271,151.39679
argentina,1991,98.0,99.0,1.010204081632653,197.0
argentina,2001,99.0,99.0,1.0,198.0
armenia,2000,100.0,100.0,1.0,200.0
armenia,2001,100.0,100.0,1.0,200.0
armenia,2011,100.0,100.0,1.0,200.0
armenia,2016,100.0,100.0,1.0,200.0
armenia,2017,100.0,100.0,1.0,200.0
armenia,2020,100.0,100.0,1.0,200.0
armenia,2022,99.64871,99.91656,1.0026879424731139,199.56527
aruba,2000,99.0,99.0,1.0,198.0
aruba,2010,99.0,99.0,1.0,198.0
azerbaijan,1999,100.0,100.0,1.0,200.0
azerbaijan,2006,100.0,100.0,1.0,200.0
azerbaijan,2007,100.0,100.0,1.0,200.0
azerbaijan,2009,100.0,100.0,1.0,200.0
azerbaijan,2010,100.0,100.0,1.0,200.0
azerbaijan,2011,100.0,100.0,1.0,200.0
azerbaijan,2012,100.0,100.0,1.0,200.0
azerbaijan,2013,100.0,100.0,1.0,200.0
azerbaijan,2014,100.0,100.0,1.0,200.0
azerbaijan,2015,100.0,100.0,1.0,200.0
azerbaijan,2016,100.0,100.0,1.0,200.0
azerbaijan,2017,100.0,100.0,1.0,200.0
azerbaijan,2019,100.0,100.0,1.0,200.0
azerbaijan,2023,100.0,100.0,1.0,200.0
bahrain,1991,97.0,97.0,1.0,194.0
bahrain,2001,97.0,97.0,1.0,194.0
bahrain,2022,99.0,99.0,1.0,198.0
bahrain,2023,99.0,99.0,1.0,198.0
bangladesh,1991,52.0,38.0,0.7307692307692307,90.0
bangladesh,2000,100.0,100.0,1.0,200.0
bangladesh,2001,67.0,60.0,0.8955223880597015,127.0
bangladesh,2007,90.51,77.09,0.851729090708209,167.60000000000002
bangladesh,2011,76.0,80.0,1.0526315789473684,156.0
bangladesh,2012,76.0,79.0,1.0394736842105263,155.0
bangladesh,2013,84.0,87.0,1.0357142857142858,171.0
bangladesh,2014,85.0,86.0,1.011764705882353,171.0
bangladesh,2015,86.0,90.0,1.0465116279069768,176.0
bangladesh,2016,91.0,94.0,1.032967032967033,185.0
bangladesh,2017,92.0,94.0,1.0217391304347827,186.0
bangladesh,2018,92.0,95.0,1.0326086956521738,187.0
bangladesh,2019,94.0,96.0,1.0212765957446808,190.0
bangladesh,2020,93.0,96.0,1.032258064516129,189.0
bangladesh,2021,94.0,96.0,1.0212765957446808,190.0
bangladesh,2022,92.0,94.0,1.0217391304347827,186.0
barbados,2012,100.0,100.0,1.0,200.0
belarus,1999,100.0,100.0,1.0,200.0
belarus,2009,100.0,100.0,1.0,200.0
belarus,2012,100.0,100.0,1.0,200.0
belarus,2019,100.0,100.0,1.0,200.0
belize,1991,77.0,78.0,1.0129870129870129,155.0
belize,2015,97.82818,98.07905,1.002564394022254,195.90723
benin,1992,55.0,27.0,0.4909090909090909,82.0
benin,2001,61.08,31.85,0.5214472822527833,92.93
benin,2002,59.0,33.0,0.559322033898305,92.0
benin,2006,72.07,39.53,0.5484945192174275,111.6
benin,2017,66.79979,50.98536,0.7632562916739708,117.78515
benin,2019,76.35444,62.76271,0.8219916222291723,139.11714999999998
benin,2021,70.96799,59.18644,0.8339878302879932,130.15443
benin,2022,74.60011,67.93813,0.9106974507142148,142.53824
bhutan,2005,80.0,68.0,0.85,148.0
bhutan,2012,90.0,82.0,0.9111111111111111,172.0
bhutan,2017,93.0,93.0,1.0,186.0
bolivia,1992,96.0,92.0,0.9583333333333334,188.0
bolivia,2000,98.4,96.3,0.9786585365853657,194.7
bolivia,2001,98.2,96.5,0.9826883910386965,194.7
bolivia,2002,99.1,97.1,0.9798183652875883,196.2
bolivia,2003,99.47,96.67,0.971850809289233,196.14
bolivia,2004,99.6,98.6,0.9899598393574297,198.2
bolivia,2005,99.3,98.4,0.9909365558912387,197.7
bolivia,2006,99.4,97.4,0.9798792756539235,196.8
bolivia,2007,99.8,99.1,0.9929859719438877,198.89999999999998
bolivia,2008,99.4,99.0,0.9959758551307847,198.4
bolivia,2009,99.7,99.1,0.9939819458375124,198.8
bolivia,2011,99.3,98.8,0.9949647532729103,198.1
bolivia,2012,99.5,99.2,0.9969849246231156,198.7
bolivia,2013,99.5,99.2,0.9969849246231156,198.7
bolivia,2014,99.7,99.2,0.9949849548645938,198.9
bolivia,2015,99.4,99.4,1.0,198.8
bolivia,2016,99.5,99.3,0.9979899497487437,198.8
bolivia,2017,99.4,99.3,0.9989939637826961,198.7
bolivia,2018,99.7,99.4,0.9969909729187563,199.10000000000002
bolivia,2019,99.7,99.4,0.9969909729187563,199.10000000000002
bolivia,2020,99.6,99.5,0.9989959839357431,199.1
bolivia,2021,99.5,99.5,1.0,199.0
bosnia and herzegovina,1991,99.0,99.0,1.0,198.0
bosnia and herzegovina,2000,100.0,100.0,1.0,200.0
bosnia and herzegovina,2013,100.0,100.0,1.0,200.0
botswana,1991,86.0,92.0,1.069767441860465,178.0
botswana,2003,92.0,96.0,1.0434782608695652,188.0
brazil,2000,93.0,96.0,1.032258064516129,189.0
brazil,2001,94.7,96.9,1.0232312565997888,191.60000000000002
brazil,2002,95.1,97.5,1.025236593059937,192.6
brazil,2003,95.6,97.7,1.0219665271966527,193.3
brazil,2004,95.7,97.9,1.0229885057471264,193.60000000000002
brazil,2005,96.1,98.1,1.0208116545265349,194.2
brazil,2006,96.8,98.3,1.015495867768595,195.1
brazil,2007,97.0,98.6,1.0164948453608247,195.6
brazil,2008,97.2,98.5,1.0133744855967077,195.7
brazil,2009,97.4,98.7,1.013347022587269,196.10000000000002
brazil,2010,97.0,98.0,1.0103092783505154,195.0
brazil,2011,97.9,99.1,1.0122574055158324,197.0
brazil,2012,98.2,99.0,1.0081466395112015,197.2
brazil,2013,98.3,99.2,1.0091556459816888,197.5
brazil,2014,98.4,99.3,1.0091463414634145,197.7
brazil,2015,98.6,99.3,1.0070993914807302,197.89999999999998
brazil,2016,98.7,99.5,1.0081053698074975,198.2
brazil,2017,98.8,99.5,1.007085020242915,198.3
brazil,2018,98.7,99.4,1.0070921985815604,198.10000000000002
brazil,2019,98.7,99.5,1.0081053698074975,198.2
brazil,2020,99.0,99.5,1.005050505050505,198.5
brazil,2021,99.1,99.5,1.0040363269424823,198.6
brazil,2022,99.0,99.6,1.006060606060606,198.6
brazil,2023,99.0,99.6,1.006060606060606,198.6
brunei,1991,98.0,98.0,1.0,196.0
brunei,2001,99.0,99.0,1.0,198.0
brunei,2011,99.0,100.0,1.0101010101010102,199.0
bulgaria,2001,98.0,98.0,1.0,196.0
bulgaria,2011,98.0,98.0,1.0,196.0
burkina faso,1991,27.0,14.0,0.5185185185185185,41.0
burkina faso,1996,25.0,14.0,0.56,39.0
burkina faso,2003,38.0,25.0,0.6578947368421053,63.0
burkina faso,2005,40.0,26.0,0.65,66.0
burkina faso,2006,40.0,27.0,0.675,67.0
burkina faso,2007,47.0,33.0,0.7021276595744681,80.0
burkina faso,2010,47.04,27.24,0.5790816326530612,74.28
burkina faso,2014,57.0,44.0,0.7719298245614035,101.0
burkina faso,2018,64.0,54.0,0.84375,118.0
burkina faso,2019,51.0,44.0,0.8627450980392157,95.0
burkina faso,2021,66.64593,58.758,0.8816442354394334,125.40393
burkina faso,2022,65.47311,60.56925,0.925101159850204,126.04236
burundi,1990,59.0,48.0,0.8135593220338984,107.0
burundi,2000,77.0,70.0,0.9090909090909091,147.0
burundi,2008,67.0,57.0,0.8507462686567164,124.0
burundi,2010,82.66,66.51,0.80462134043068,149.17000000000002
burundi,2014,85.0,75.0,0.8823529411764706,160.0
burundi,2016,86.7551,82.08605,0.9461812619661554,168.84115
burundi,2017,91.0,86.0,0.945054945054945,177.0
cambodia,1998,82.0,71.0,0.8658536585365854,153.0
cambodia,2004,88.0,79.0,0.8977272727272727,167.0
cambodia,2005,100.0,67.33,0.6733,167.32999999999998
cambodia,2008,89.0,86.0,0.9662921348314607,175.0
cambodia,2009,88.0,86.0,0.9772727272727273,174.0
cambodia,2010,80.6,78.02,0.9679900744416874,158.62
cambodia,2014,90.0,90.0,1.0,180.0
cambodia,2015,92.0,93.0,1.0108695652173914,185.0
cambodia,2021,90.30829,93.50569,1.035405387478824,183.81398000000002
cameroon,2000,88.0,78.0,0.8863636363636364,166.0
cameroon,2004,81.39,67.65,0.831183192038334,149.04000000000002
cameroon,2007,89.0,77.0,0.8651685393258427,166.0
cameroon,2010,85.0,76.0,0.8941176470588236,161.0
cameroon,2011,86.92,73.41,0.8445697192820985,160.32999999999998
cameroon,2018,87.59698,76.3945,0.8721133993432193,163.99148
cape verde,1990,90.0,86.0,0.9555555555555556,176.0
cape verde,2012,98.0,98.0,1.0,196.0
cape verde,2015,98.0,99.0,1.010204081632653,197.0
cayman islands,2007,99.0,99.0,1.0,198.0
central african republic,2000,73.0,49.0,0.6712328767123288,122.0
central african republic,2019,64.90382,36.67682,0.5650949358604779,101.58063999999999
chad,1993,26.0,9.0,0.34615384615384615,35.0
chad,2000,56.0,23.0,0.4107142857142857,79.0
chad,2004,54.0,31.0,0.5740740740740741,85.0
chad,2016,41.0,22.0,0.5365853658536586,63.0
chad,2019,56.26247,33.32039,0.5922311978126805,89.58286000000001
chile,1992,98.0,99.0,1.010204081632653,197.0
chile,2000,98.9,99.3,1.0040444893832152,198.2
chile,2002,99.0,99.0,1.0,198.0
chile,2003,98.9,99.4,1.0050556117290192,198.3
chile,2006,98.9,99.3,1.0040444893832152,198.2
chile,2009,99.2,99.5,1.003024193548387,198.7
chile,2011,99.2,99.6,1.004032258064516,198.8
chile,2013,99.0,99.1,1.001010101010101,198.1
chile,2015,99.3,99.4,1.001007049345418,198.7
chile,2017,99.0,99.0,1.0,198.0
chile,2022,99.1,99.5,1.0040363269424823,198.6
china,1990,97.0,91.0,0.9381443298969072,188.0
china,2000,99.0,99.0,1.0,198.0
china,2010,100.0,100.0,1.0,200.0
china,2020,100.0,100.0,1.0,200.0
colombia,1993,95.0,96.0,1.0105263157894737,191.0
colombia,1996,96.0,98.0,1.0208333333333333,194.0
colombia,2002,96.9,98.0,1.0113519091847265,194.9
colombia,2003,96.7,98.3,1.016546018614271,195.0
colombia,2004,97.5,98.4,1.0092307692307694,195.9
colombia,2005,97.6,98.4,1.0081967213114755,196.0
colombia,2006,98.0,98.0,1.0,196.0
colombia,2007,97.0,98.0,1.0103092783505154,195.0
colombia,2008,97.5,98.4,1.0092307692307694,195.9
colombia,2009,97.4,98.4,1.0102669404517455,195.8
colombia,2010,97.8,98.6,1.0081799591002045,196.39999999999998
colombia,2011,97.8,98.8,1.0102249488752557,196.6
colombia,2012,97.8,98.7,1.0092024539877302,196.5
colombia,2013,97.8,98.8,1.0102249488752557,196.6
colombia,2014,98.1,98.9,1.0081549439347606,197.0
colombia,2015,98.2,98.9,1.0071283095723014,197.10000000000002
colombia,2016,98.3,99.0,1.007121057985758,197.3
colombia,2017,98.3,99.0,1.007121057985758,197.3
colombia,2018,98.7,99.1,1.0040526849037485,197.8
colombia,2019,98.5,99.2,1.0071065989847716,197.7
colombia,2020,98.7,99.3,1.006079027355623,198.0
colombia,2021,98.8,99.4,1.0060728744939271,198.2
colombia,2022,98.6,99.2,1.0060851926977687,197.8
colombia,2023,98.7,99.2,1.005065856129686,197.9
comoros,2000,84.0,78.0,0.9285714285714286,162.0
comoros,2012,85.0,78.59,0.9245882352941177,163.59
congo,2005,88.0,71.0,0.8068181818181818,159.0
costa rica,2000,97.0,98.0,1.0103092783505154,195.0
costa rica,2011,99.0,99.0,1.0,198.0
costa rica,2018,74.78,99.63372,1.332357849692431,174.41372
cote d'ivoire,1998,54.0,40.0,0.7407407407407407,94.0
cote d'ivoire,2000,71.0,52.0,0.7323943661971831,123.0
cote d'ivoire,2014,59.0,47.0,0.7966101694915254,106.0
cote d'ivoire,2016,71.98823,54.73764,0.7603692992590594,126.72587
cote d'ivoire,2019,93.0,76.0,0.8172043010752689,169.0
cote d'ivoire,2021,76.16145,58.31827,0.7657190087636199,134.47972
croatia,1991,100.0,100.0,1.0,200.0
croatia,2001,100.0,100.0,1.0,200.0
cuba,2002,100.0,100.0,1.0,200.0
cuba,2012,100.0,100.0,1.0,200.0
cuba,2019,99.53119,99.70794,1.0017758252463373,199.23913
cyprus,1992,100.0,100.0,1.0,200.0
cyprus,2001,100.0,100.0,1.0,200.0
cyprus,2011,100.0,100.0,1.0,200.0
democratic republic of congo,2001,78.0,63.0,0.8076923076923077,141.0
democratic republic of congo,2007,87.36,62.97,0.7208104395604396,150.32999999999998
democratic republic of congo,2012,91.0,77.0,0.8461538461538461,168.0
democratic republic of congo,2013,92.56,76.58,0.8273552290406223,169.14
democratic republic of congo,2016,91.0,80.0,0.8791208791208791,171.0
democratic republic of congo,2018,90.81754,77.53746,0.8537718594888168,168.355
dominican republic,2000,93.2,96.5,1.0354077253218883,189.7
dominican republic,2001,94.3,96.6,1.024390243902439,190.89999999999998
dominican republic,2002,93.8,96.5,1.0287846481876333,190.3
dominican republic,2003,94.7,96.9,1.0232312565997888,191.60000000000002
dominican republic,2004,95.2,96.7,1.0157563025210083,191.9
dominican republic,2005,96.2,97.3,1.0114345114345114,193.5
dominican republic,2006,95.3,97.9,1.0272822665267578,193.2
dominican republic,2007,97.2,97.8,1.0061728395061729,195.0
dominican republic,2008,95.6,97.4,1.0188284518828452,193.0
dominican republic,2009,96.2,98.4,1.022869022869023,194.60000000000002
dominican republic,2010,96.2,97.9,1.0176715176715176,194.10000000000002
dominican republic,2011,96.5,98.6,1.021761658031088,195.1
dominican republic,2012,96.7,98.0,1.0134436401240952,194.7
dominican republic,2013,97.6,98.3,1.007172131147541,195.89999999999998
dominican republic,2014,98.0,98.2,1.0020408163265306,196.2
dominican republic,2015,98.1,98.1,1.0,196.2
dominican republic,2016,98.1,98.8,1.0071355759429155,196.89999999999998
dominican republic,2017,97.8,98.4,1.0061349693251536,196.2
dominican republic,2018,98.0,99.1,1.0112244897959184,197.1
dominican republic,2019,98.3,99.1,1.0081383519837233,197.39999999999998
dominican republic,2020,98.6,99.1,1.0050709939148073,197.7
dominican republic,2021,98.7,99.0,1.0030395136778114,197.7
dominican republic,2022,98.1,98.9,1.0081549439347606,197.0
dominican republic,2023,98.3,98.8,1.005086469989827,197.1
east timor,2009,87.25,83.71,0.9594269340974211,170.95999999999998
east timor,2010,80.0,79.0,0.9875,159.0
east timor,2016,89.55101,88.72531,0.9907795568134853,178.27632
ecuador,1990,97.0,96.0,0.9896907216494846,193.0
ecuador,2001,97.6,97.3,0.9969262295081968,194.89999999999998
ecuador,2003,96.5,97.4,1.0093264248704663,193.9
ecuador,2005,98.3,98.2,0.9989827060020346,196.5
ecuador,2006,98.3,98.1,0.9979654120040692,196.39999999999998
ecuador,2007,98.2,98.6,1.0040733197556007,196.8
ecuador,2008,98.4,98.5,1.0010162601626016,196.9
ecuador,2009,98.7,98.9,1.0020263424518745,197.60000000000002
ecuador,2010,98.5,98.9,1.0040609137055838,197.4
ecuador,2011,98.6,98.8,1.002028397565923,197.39999999999998
ecuador,2012,98.8,98.9,1.001012145748988,197.7
ecuador,2013,98.6,98.6,1.0,197.2
ecuador,2014,99.0,99.2,1.002020202020202,198.2
ecuador,2015,99.3,98.9,0.9959718026183284,198.2
ecuador,2016,99.0,99.1,1.001010101010101,198.1
ecuador,2017,99.1,99.4,1.0030272452068618,198.5
ecuador,2018,98.9,99.1,1.0020222446916076,198.0
ecuador,2019,98.2,98.8,1.0061099796334012,197.0
ecuador,2020,98.5,99.1,1.0060913705583756,197.6
ecuador,2021,99.0,99.2,1.002020202020202,198.2
ecuador,2022,99.0,99.2,1.002020202020202,198.2
ecuador,2023,99.0,99.3,1.003030303030303,198.3
egypt,1996,79.0,67.0,0.8481012658227848,146.0
egypt,2005,90.0,79.0,0.8777777777777778,169.0
egypt,2006,88.0,82.0,0.9318181818181818,170.0
egypt,2010,91.0,84.0,0.9230769230769231,175.0
egypt,2012,92.0,86.0,0.9347826086956522,178.0
egypt,2013,94.0,90.0,0.9574468085106383,184.0
egypt,2017,89.0,87.0,0.9775280898876404,176.0
egypt,2022,95.51,94.82,0.9927756255889434,190.32999999999998
el salvador,1992,85.0,85.0,1.0,170.0
el salvador,2000,92.2,92.6,1.0043383947939262,184.8
el salvador,2001,93.5,93.6,1.0010695187165775,187.1
el salvador,2002,92.9,93.6,1.0075349838536058,186.5
el salvador,2003,93.3,93.4,1.0010718113612005,186.7
el salvador,2004,93.7,94.0,1.0032017075773745,187.7
el salvador,2005,94.9,94.9,1.0,189.8
el salvador,2006,94.4,95.5,1.0116525423728813,189.9
el salvador,2007,95.2,95.8,1.0063025210084033,191.0
el salvador,2008,95.0,96.0,1.0105263157894737,191.0
el salvador,2009,95.1,96.1,1.010515247108307,191.2
el salvador,2010,95.7,96.4,1.0073145245559039,192.10000000000002
el salvador,2011,96.0,97.0,1.0104166666666667,193.0
el salvador,2012,96.7,97.6,1.0093071354705274,194.3
el salvador,2013,96.9,97.5,1.0061919504643961,194.4
el salvador,2014,97.3,98.2,1.0092497430626928,195.5
el salvador,2015,97.5,98.4,1.0092307692307694,195.9
el salvador,2016,97.7,98.3,1.0061412487205732,196.0
el salvador,2017,97.8,98.1,1.0030674846625767,195.89999999999998
el salvador,2018,97.7,98.2,1.0051177072671442,195.9
el salvador,2019,98.0,98.7,1.0071428571428571,196.7
el salvador,2020,98.3,98.7,1.0040691759918616,197.0
el salvador,2021,97.8,98.3,1.0051124744376279,196.1
el salvador,2022,98.0,98.6,1.0061224489795917,196.6
el salvador,2023,97.6,98.5,1.0092213114754098,196.1
equatorial guinea,2000,98.0,97.0,0.9897959183673469,195.0
eritrea,2002,86.0,69.0,0.8023255813953488,155.0
eritrea,2008,91.0,83.0,0.9120879120879121,174.0
estonia,2000,100.0,100.0,1.0,200.0
estonia,2011,100.0,100.0,1.0,200.0
eswatini,2000,91.0,93.0,1.021978021978022,184.0
eswatini,2006,88.81,93.58,1.0537101677738994,182.39
eswatini,2022,98.55315,98.77755,1.0022769439637393,197.3307
ethiopia,1994,39.0,28.0,0.717948717948718,67.0
ethiopia,2000,49.47,27.02,0.5461896098645644,76.49
ethiopia,2004,62.0,39.0,0.6290322580645161,101.0
ethiopia,2005,60.07,34.06,0.5670051606459131,94.13
ethiopia,2007,63.0,47.0,0.746031746031746,110.0
ethiopia,2011,65.08,43.65,0.6707129686539643,108.72999999999999
ethiopia,2016,79.13417,64.5676,0.8159256614430909,143.70177
fiji,2021,96.11,99.41343,1.0343713453334722,195.52343000000002
gabon,1993,94.0,92.0,0.9787234042553191,186.0
gabon,2012,94.88,93.77,0.9883010118043845,188.64999999999998
gabon,2021,94.95532,93.04062,0.9798357796066614,187.99594000000002
gambia,2000,64.0,41.0,0.640625,105.0
gambia,2013,78.39,65.85,0.8400306161500191,144.24
gambia,2015,71.0,64.0,0.9014084507042254,135.0
gambia,2018,74.97817,67.01137,0.8937450727325033,141.98954
gambia,2021,72.01779,62.55218,0.8685656696768951,134.56997
georgia,2002,100.0,100.0,1.0,200.0
georgia,2014,100.0,100.0,1.0,200.0
georgia,2017,100.0,99.0,0.99,199.0
georgia,2018,99.9046,99.94143,1.0003686516937158,199.84602999999998
georgia,2022,100.0,100.0,1.0,200.0
georgia,2023,98.88482,99.8423,1.0096827804308082,198.72712
ghana,2000,76.0,65.0,0.8552631578947368,141.0
ghana,2003,84.77,73.05,0.8617435413471747,157.82
ghana,2010,88.0,83.0,0.9431818181818182,171.0
ghana,2014,91.17,83.65,0.9175167269935286,174.82
ghana,2017,89.77029,85.2477,0.9496204145046205,175.01799
ghana,2021,91.73803,91.30476,0.9952770950062914,183.04279
greece,1991,99.0,99.0,1.0,198.0
greece,2001,99.0,99.0,1.0,198.0
greece,2009,100.0,99.0,0.99,199.0
guam,1990,100.0,100.0,1.0,200.0
guatemala,1994,82.0,71.0,0.8658536585365854,153.0
guatemala,2000,87.7,76.3,0.8700114025085518,164.0
guatemala,2002,86.0,78.0,0.9069767441860465,164.0
guatemala,2006,91.4,84.8,0.9277899343544856,176.2
guatemala,2012,95.0,92.0,0.968421052631579,187.0
guatemala,2013,94.0,90.0,0.9574468085106383,184.0
guatemala,2014,94.9,91.9,0.9683877766069547,186.8
guatemala,2015,96.67467,93.61574,0.9683585162483616,190.29041
guatemala,2018,95.0,94.0,0.9894736842105263,189.0
guatemala,2022,95.85535,94.21057,0.9828410203499336,190.06592
guatemala,2023,97.3,96.7,0.9938335046248716,194.0
guinea,1996,44.0,13.0,0.29545454545454547,57.0
guinea,2003,59.0,34.0,0.576271186440678,93.0
guinea,2005,64.19,24.12,0.37575946409097993,88.31
guinea,2010,38.0,22.0,0.5789473684210527,60.0
guinea,2012,71.69,37.24,0.519458780862045,108.93
guinea,2014,57.0,37.0,0.6491228070175439,94.0
guinea,2018,70.0,43.0,0.6142857142857143,113.0
guinea-bissau,2000,75.0,46.0,0.6133333333333333,121.0
guinea-bissau,2019,81.83359,68.58931,0.8381559454986638,150.4229
guinea-bissau,2022,86.19711,78.26567,0.9079848500721196,164.46278
guyana,2009,95.71,95.91,1.0020896458050361,191.62
guyana,2020,99.26508,99.02955,0.9976272622759182,198.29462999999998
haiti,2003,83.0,81.0,0.9759036144578314,164.0
haiti,2012,86.55,84.3,0.9740034662045061,170.85
haiti,2017,88.38471,89.32992,1.0106942705361595,177.71463
honduras,2001,89.7,92.7,1.0334448160535117,182.4
honduras,2004,90.2,91.5,1.0144124168514412,181.7
honduras,2005,89.9,93.6,1.0411568409343714,183.5
honduras,2007,93.0,95.0,1.021505376344086,188.0
honduras,2009,92.6,95.2,1.0280777537796977,187.8
honduras,2010,94.4,95.9,1.0158898305084745,190.3
honduras,2011,94.9,96.9,1.0210748155953635,191.8
honduras,2012,94.0,96.0,1.0212765957446808,190.0
honduras,2013,93.9,96.3,1.0255591054313098,190.2
honduras,2014,95.0,96.3,1.0136842105263157,191.3
honduras,2015,95.0,97.0,1.0210526315789474,192.0
honduras,2016,94.9,97.2,1.024236037934668,192.10000000000002
honduras,2018,94.9,98.2,1.0347734457323499,193.10000000000002
honduras,2019,94.8,97.3,1.0263713080168777,192.1
honduras,2023,94.6,96.5,1.0200845665961946,191.1
india,1991,74.0,49.0,0.6621621621621622,123.0
india,2001,84.0,68.0,0.8095238095238095,152.0
india,2006,88.0,74.0,0.8409090909090909,162.0
india,2011,90.0,82.0,0.9111111111111111,172.0
india,2016,93.55494,86.73757,0.927129769951218,180.29251
india,2020,99.07,90.95,0.9180377510850914,190.01999999999998
india,2022,97.0,96.0,0.9896907216494846,193.0
india,2023,98.0,96.0,0.9795918367346939,194.0
indonesia,1990,97.0,95.0,0.979381443298969,192.0
indonesia,2004,99.0,99.0,1.0,198.0
indonesia,2006,97.0,96.0,0.9896907216494846,193.0
indonesia,2008,100.0,99.0,0.99,199.0
indonesia,2009,100.0,99.0,0.99,199.0
indonesia,2011,99.0,99.0,1.0,198.0
indonesia,2014,100.0,100.0,1.0,200.0
indonesia,2015,100.0,100.0,1.0,200.0
indonesia,2016,100.0,100.0,1.0,200.0
indonesia,2017,99.93,99.29,0.9935955168618033,199.22000000000003
indonesia,2018,100.0,100.0,1.0,200.0
indonesia,2020,100.0,100.0,1.0,200.0
indonesia,2022,92.91,94.72,1.0194812183833817,187.63
iran,1991,92.0,81.0,0.8804347826086957,173.0
iran,1996,96.0,91.0,0.9479166666666666,187.0
iran,2005,98.0,97.0,0.9897959183673469,195.0
iran,2006,97.0,96.0,0.9896907216494846,193.0
iran,2008,98.0,97.0,0.9897959183673469,195.0
iran,2012,98.0,98.0,1.0,196.0
iran,2013,98.0,97.0,0.9897959183673469,195.0
iran,2014,98.0,98.0,1.0,196.0
iran,2016,98.0,98.0,1.0,196.0
iraq,2000,89.0,80.0,0.898876404494382,169.0
iraq,2012,87.0,79.0,0.9080459770114943,166.0
iraq,2014,92.0,86.0,0.9347826086956522,178.0
iraq,2016,93.0,88.0,0.946236559139785,181.0
iraq,2017,95.0,92.0,0.968421052631579,187.0
italy,2001,100.0,100.0,1.0,200.0
italy,2011,100.0,100.0,1.0,200.0
italy,2019,100.0,100.0,1.0,200.0
jamaica,1999,87.0,96.0,1.103448275862069,183.0
jamaica,2022,88.23,99.29619,1.1254243454607276,187.52618999999999
jordan,2003,99.0,99.0,1.0,198.0
jordan,2005,99.0,99.0,1.0,198.0
jordan,2007,99.0,99.0,1.0,198.0
jordan,2010,99.0,99.0,1.0,198.0
jordan,2011,99.0,99.0,1.0,198.0
jordan,2012,99.0,99.0,1.0,198.0
jordan,2018,97.42178,95.90284,0.9844086199205146,193.32461999999998
jordan,2023,99.0,99.0,1.0,198.0
kazakhstan,1999,100.0,100.0,1.0,200.0
kazakhstan,2009,100.0,100.0,1.0,200.0
kenya,2000,93.0,92.0,0.989247311827957,185.0
kenya,2014,94.02,92.31,0.9818123803446076,186.32999999999998
kenya,2022,96.14752,95.28072,0.9909846868645182,191.42824000000002
kiribati,2018,95.83073,98.50159,1.0278706005891847,194.33231999999998
kuwait,1995,94.0,90.0,0.9574468085106383,184.0
kuwait,2005,100.0,100.0,1.0,200.0
kuwait,2006,99.0,98.0,0.98989898989899,197.0
kuwait,2007,98.0,99.0,1.010204081632653,197.0
kuwait,2008,99.0,99.0,1.0,198.0
kuwait,2010,99.0,99.0,1.0,198.0
kuwait,2012,99.0,99.0,1.0,198.0
kuwait,2013,99.0,99.0,1.0,198.0
kuwait,2015,99.0,99.0,1.0,198.0
kuwait,2017,99.0,99.0,1.0,198.0
kuwait,2018,99.0,100.0,1.0101010101010102,199.0
kuwait,2020,99.0,100.0,1.0101010101010102,199.0
kyrgyzstan,1999,100.0,100.0,1.0,200.0
kyrgyzstan,2009,100.0,100.0,1.0,200.0
laos,1995,79.0,64.0,0.810126582278481,143.0
laos,2000,88.0,74.0,0.8409090909090909,162.0
laos,2001,83.0,75.0,0.9036144578313253,158.0
laos,2005,89.0,79.0,0.8876404494382022,168.0
laos,2015,94.0,91.0,0.9680851063829787,185.0
laos,2017,91.20028,84.4665,0.9261649196691062,175.66678000000002
latvia,2000,100.0,100.0,1.0,200.0
latvia,2011,100.0,100.0,1.0,200.0
lebanon,2007,98.0,99.0,1.010204081632653,197.0
lebanon,2009,99.0,99.0,1.0,198.0
lebanon,2018,98.0,96.0,0.9795918367346939,194.0
lesotho,2000,85.0,97.0,1.1411764705882352,182.0
lesotho,2006,66.0,85.0,1.2878787878787878,151.0
lesotho,2009,82.23,94.25,1.146175361790101,176.48000000000002
lesotho,2014,87.37,96.52,1.1047270230056083,183.89
lesotho,2016,97.0,100.0,1.0309278350515463,197.0
lesotho,2018,92.35318,98.26914,1.0640579999519237,190.62232
liberia,2007,77.33,51.49,0.6658476658476659,128.82
liberia,2013,83.75,63.2,0.7546268656716418,146.95
lithuania,2001,100.0,100.0,1.0,200.0
lithuania,2011,100.0,100.0,1.0,200.0
macao,2001,99.0,100.0,1.0101010101010102,199.0
macao,2006,100.0,100.0,1.0,200.0
macao,2011,100.0,100.0,1.0,200.0
macao,2016,100.0,100.0,1.0,200.0
madagascar,2000,73.0,68.0,0.9315068493150684,141.0
madagascar,2005,59.0,56.0,0.9491525423728814,115.0
madagascar,2012,78.0,75.0,0.9615384615384616,153.0
madagascar,2018,81.0,79.0,0.9753086419753086,160.0
madagascar,2021,82.52617,82.23735,0.9965002616745696,164.76352
malawi,1998,82.0,71.0,0.8658536585365854,153.0
malawi,2020,81.30133,80.14176,0.9857373796960026,161.44308999999998
malaysia,1991,96.0,95.0,0.9895833333333334,191.0
malaysia,2000,97.0,97.0,1.0,194.0
malaysia,2010,98.0,98.0,1.0,196.0
malaysia,2016,97.0,98.0,1.0103092783505154,195.0
malaysia,2017,97.0,97.0,1.0,194.0
malaysia,2018,97.0,97.0,1.0,194.0
malaysia,2019,97.0,97.0,1.0,194.0
malaysia,2022,99.0,98.0,0.98989898989899,197.0
maldives,1990,98.0,98.0,1.0,196.0
maldives,1995,98.0,98.0,1.0,196.0
maldives,2000,98.0,98.0,1.0,196.0
maldives,2006,99.0,99.0,1.0,198.0
maldives,2014,99.0,99.0,1.0,198.0
maldives,2016,98.0,99.0,1.010204081632653,197.0
maldives,2017,97.31116,99.67299,1.0242709058241624,196.98415
maldives,2019,98.62147,98.86908,1.0025107109030111,197.49054999999998
mali,1998,32.0,17.0,0.53125,49.0
mali,2006,47.0,31.0,0.6595744680851063,78.0
mali,2010,56.0,34.0,0.6071428571428571,90.0
mali,2011,56.0,30.0,0.5357142857142857,86.0
mali,2015,61.0,39.0,0.639344262295082,100.0
mali,2018,58.0,43.0,0.7413793103448276,101.0
mali,2020,44.16,60.92,1.3795289855072466,105.08
malta,1995,94.0,98.0,1.0425531914893618,192.0
malta,2005,97.0,99.0,1.0206185567010309,196.0
malta,2011,98.0,99.0,1.010204081632653,197.0
marshall islands,2011,98.0,99.0,1.010204081632653,197.0
mauritania,2000,68.0,55.0,0.8088235294117647,123.0
mauritania,2013,74.0,68.0,0.918918918918919,142.0
mauritania,2015,86.73236,75.69968,0.8727962665837756,162.43204
mauritania,2020,75.25897,66.98027,0.8899971657863508,142.23924
mauritius,1990,91.0,92.0,1.010989010989011,183.0
mauritius,2000,94.0,95.0,1.0106382978723405,189.0
mauritius,2011,98.0,99.0,1.010204081632653,197.0
mexico,1990,96.0,95.0,0.9895833333333334,191.0
mexico,2000,97.2,97.4,1.0020576131687242,194.60000000000002
mexico,2002,97.8,97.2,0.9938650306748467,195.0
mexico,2004,97.1,97.5,1.004119464469619,194.6
mexico,2005,98.0,98.0,1.0,196.0
mexico,2006,98.1,97.7,0.9959225280326198,195.8
mexico,2007,98.0,98.0,1.0,196.0
mexico,2008,98.2,98.3,1.0010183299389002,196.5
mexico,2009,99.0,98.0,0.98989898989899,197.0
mexico,2010,98.2,98.6,1.0040733197556007,196.8
mexico,2011,98.0,99.0,1.010204081632653,197.0
mexico,2012,98.6,98.9,1.0030425963488845,197.5
mexico,2013,99.0,99.0,1.0,198.0
mexico,2014,98.4,98.9,1.0050813008130082,197.3
mexico,2015,99.0,99.0,1.0,198.0
mexico,2016,98.5,98.7,1.002030456852792,197.2
mexico,2017,99.0,99.0,1.0,198.0
mexico,2018,98.4,98.8,1.0040650406504064,197.2
mexico,2020,98.8,99.1,1.0030364372469636,197.89999999999998
mexico,2022,98.7,99.2,1.005065856129686,197.9
moldova,2000,99.0,100.0,1.0101010101010102,199.0
moldova,2005,99.87,99.95,1.0008010413537598,199.82
moldova,2012,100.0,99.84,0.9984000000000001,199.84
moldova,2014,100.0,100.0,1.0,200.0
mongolia,2000,97.0,98.0,1.0103092783505154,195.0
mongolia,2010,98.0,99.0,1.010204081632653,197.0
mongolia,2018,99.6363,99.42351,0.9978643325775846,199.05981
mongolia,2020,99.0,99.0,1.0,198.0
mongolia,2022,99.61688,99.77098,1.001546926585133,199.38786
montenegro,1991,99.0,99.0,1.0,198.0
montenegro,2003,99.0,99.0,1.0,198.0
montenegro,2011,99.0,99.0,1.0,198.0
montenegro,2018,96.23099,98.95459,1.0283027328306609,195.18558000000002
morocco,1994,71.0,46.0,0.647887323943662,117.0
morocco,2004,81.0,60.0,0.7407407407407407,141.0
morocco,2008,86.0,70.0,0.813953488372093,156.0
morocco,2009,87.0,72.0,0.8275862068965517,159.0
morocco,2011,89.0,74.0,0.8314606741573034,163.0
morocco,2012,94.0,88.0,0.9361702127659575,182.0
mozambique,1997,59.0,37.0,0.6271186440677966,96.0
mozambique,2003,74.0,50.0,0.6756756756756757,124.0
mozambique,2009,80.0,57.0,0.7125,137.0
mozambique,2015,79.0,63.0,0.7974683544303798,142.0
mozambique,2017,77.0,65.0,0.8441558441558441,142.0
mozambique,2020,76.0,65.0,0.8552631578947368,141.0
myanmar,2000,96.0,93.0,0.96875,189.0
myanmar,2014,94.0,94.0,1.0,188.0
myanmar,2016,91.15811,89.64611,0.9834134340872139,180.80422
myanmar,2019,95.0,96.0,1.0105263157894737,191.0
namibia,1991,86.0,90.0,1.0465116279069768,176.0
namibia,2000,88.26,90.65,1.0270790845230002,178.91000000000003
namibia,2001,91.0,94.0,1.032967032967033,185.0
namibia,2007,88.77,93.54,1.0537343697194999,182.31
namibia,2011,93.0,95.0,1.021505376344086,188.0
namibia,2013,92.08,96.09,1.0435490877497828,188.17000000000002
nepal,1991,68.0,33.0,0.4852941176470588,101.0
nepal,2001,81.0,60.0,0.7407407407407407,141.0
nepal,2006,94.24,75.51,0.8012521222410867,169.75
nepal,2011,90.0,80.0,0.8888888888888888,170.0
nepal,2016,94.43616,84.58498,0.8956842379020917,179.02114
nepal,2019,96.80686,92.07302,0.9511001596374472,188.87988
nepal,2022,97.16,89.2,0.9180732811856732,186.36
new caledonia,1996,99.0,99.0,1.0,198.0
nicaragua,2001,85.3,89.4,1.0480656506447832,174.7
nicaragua,2005,89.4,92.7,1.0369127516778522,182.10000000000002
nicaragua,2009,92.6,94.8,1.0237580993520519,187.39999999999998
nicaragua,2014,94.1,96.6,1.026567481402763,190.7
niger,2001,26.0,14.0,0.5384615384615384,40.0
niger,2005,52.0,23.0,0.4423076923076923,75.0
niger,2006,33.02,11.17,0.3382798304058146,44.190000000000005
niger,2012,49.0,32.0,0.6530612244897959,81.0
niger,2018,56.88975,36.36699,0.6392538198884685,93.25674000000001
niger,2022,63.96316,44.7403,0.699469819815031,108.70346
nigeria,1991,81.0,62.0,0.7654320987654321,143.0
nigeria,2003,78.0,61.0,0.782051282051282,139.0
nigeria,2006,83.0,75.0,0.9036144578313253,158.0
nigeria,2008,78.5,51.6,0.6573248407643312,130.1
nigeria,2013,86.17,70.75,0.8210514100034815,156.92000000000002
nigeria,2016,78.43424,67.12351,0.8557934646909309,145.55775
nigeria,2018,71.80612,60.39587,0.8410964135090435,132.20199000000002
nigeria,2021,77.77638,69.04957,0.887796140679214,146.82595
north korea,2008,100.0,100.0,1.0,200.0
north macedonia,1994,99.0,99.0,1.0,198.0
north macedonia,2002,99.0,98.0,0.98989898989899,197.0
oman,2003,66.0,85.0,1.2878787878787878,151.0
oman,2008,98.0,98.0,1.0,196.0
oman,2010,97.0,98.0,1.0103092783505154,195.0
oman,2015,99.0,99.0,1.0,198.0
oman,2017,98.0,99.0,1.010204081632653,197.0
oman,2018,98.0,99.0,1.010204081632653,197.0
oman,2020,100.0,100.0,1.0,200.0
oman,2022,100.0,100.0,1.0,200.0
pakistan,1998,67.0,43.0,0.6417910447761194,110.0
pakistan,2005,77.0,53.0,0.6883116883116883,130.0
pakistan,2006,79.0,58.0,0.7341772151898734,137.0
pakistan,2007,75.0,57.0,0.76,132.0
pakistan,2008,79.0,61.0,0.7721518987341772,140.0
pakistan,2009,79.0,61.0,0.7721518987341772,140.0
pakistan,2010,80.0,62.0,0.775,142.0
pakistan,2011,78.0,63.0,0.8076923076923077,141.0
pakistan,2012,80.0,64.0,0.8,144.0
pakistan,2013,79.0,63.0,0.7974683544303798,142.0
pakistan,2014,80.0,66.0,0.825,146.0
pakistan,2017,81.0,68.0,0.8395061728395061,149.0
pakistan,2018,80.0,64.0,0.8,144.0
pakistan,2019,80.0,65.0,0.8125,145.0
pakistan,2021,79.45763,66.52292,0.8372124867051787,145.98055
palau,2013,100.0,100.0,1.0,200.0
palau,2015,98.0,99.0,1.010204081632653,197.0
palestine,1997,97.0,97.0,1.0,194.0
palestine,2004,99.0,99.0,1.0,198.0
palestine,2006,99.0,99.0,1.0,198.0
palestine,2007,99.0,99.0,1.0,198.0
palestine,2008,99.0,99.0,1.0,198.0
palestine,2009,99.0,99.0,1.0,198.0
palestine,2010,99.0,99.0,1.0,198.0
palestine,2011,99.0,99.0,1.0,198.0
palestine,2012,99.0,99.0,1.0,198.0
palestine,2013,99.0,99.0,1.0,198.0
palestine,2014,99.0,99.0,1.0,198.0
palestine,2015,99.0,99.0,1.0,198.0
palestine,2016,99.0,99.0,1.0,198.0
palestine,2017,99.0,99.0,1.0,198.0
palestine,2018,99.0,99.0,1.0,198.0
palestine,2019,99.0,99.0,1.0,198.0
palestine,2020,99.0,99.0,1.0,198.0
palestine,2022,99.0,99.0,1.0,198.0
panama,1990,95.0,95.0,1.0,190.0
panama,2000,97.0,96.0,0.9896907216494846,193.0
panama,2010,98.0,97.0,0.9897959183673469,195.0
panama,2014,98.4,97.6,0.9918699186991868,196.0
panama,2015,98.4,98.1,0.996951219512195,196.5
panama,2016,99.1,98.4,0.9929364278506561,197.5
panama,2017,99.3,98.8,0.9949647532729103,198.1
panama,2018,99.3,98.9,0.9959718026183284,198.2
panama,2019,98.9,98.9,1.0,197.8
panama,2021,99.3,99.2,0.9989929506545822,198.5
panama,2022,99.4,99.3,0.9989939637826961,198.7
panama,2023,98.8,98.9,1.001012145748988,197.7
papua new guinea,2000,69.0,64.0,0.927536231884058,133.0
papua new guinea,2017,87.25939,78.08662,0.8948792788947986,165.34600999999998
paraguay,1992,96.0,95.0,0.9895833333333334,191.0
paraguay,2001,95.7,95.6,0.9989550679205851,191.3
paraguay,2002,97.6,97.3,0.9969262295081968,194.89999999999998
paraguay,2003,97.3,97.5,1.0020554984583763,194.8
paraguay,2004,97.3,97.2,0.998972250770812,194.5
paraguay,2005,97.6,98.1,1.0051229508196722,195.7
paraguay,2006,98.4,97.9,0.9949186991869918,196.3
paraguay,2007,98.6,98.8,1.002028397565923,197.39999999999998
paraguay,2008,97.6,98.2,1.0061475409836067,195.8
paraguay,2009,98.0,99.0,1.010204081632653,197.0
paraguay,2010,98.5,98.6,1.0010152284263958,197.1
paraguay,2011,98.3,98.7,1.0040691759918616,197.0
paraguay,2012,98.3,98.1,0.9979654120040692,196.39999999999998
paraguay,2013,98.6,99.2,1.0060851926977687,197.8
paraguay,2014,99.0,98.5,0.9949494949494949,197.5
paraguay,2015,98.4,99.0,1.0060975609756098,197.4
paraguay,2016,98.2,98.7,1.005091649694501,196.9
paraguay,2017,97.7,98.9,1.0122824974411464,196.60000000000002
paraguay,2018,97.7,98.9,1.0122824974411464,196.60000000000002
paraguay,2019,98.0,98.7,1.0071428571428571,196.7
paraguay,2020,98.6,98.7,1.0010141987829615,197.3
paraguay,2021,98.1,99.2,1.0112130479102956,197.3
paraguay,2022,98.5,98.8,1.0030456852791878,197.3
paraguay,2023,98.8,99.0,1.0020242914979758,197.8
peru,1993,97.0,94.0,0.9690721649484536,191.0
peru,2000,99.1,96.1,0.9697275479313825,195.2
peru,2001,98.2,96.1,0.9786150712830957,194.3
peru,2002,97.6,95.9,0.9825819672131149,193.5
peru,2003,97.6,96.0,0.9836065573770493,193.6
peru,2004,98.4,96.3,0.9786585365853657,194.7
peru,2005,98.1,96.8,0.9867482161060143,194.89999999999998
peru,2006,98.6,97.3,0.986815415821501,195.89999999999998
peru,2007,98.1,97.0,0.9887869520897045,195.1
peru,2008,98.2,97.5,0.9928716904276985,195.7
peru,2009,98.7,97.9,0.9918946301925026,196.60000000000002
peru,2010,98.6,98.0,0.9939148073022313,196.6
peru,2011,98.6,98.3,0.9969574036511156,196.89999999999998
peru,2012,98.7,98.7,1.0,197.4
peru,2013,98.9,98.9,1.0,197.8
peru,2014,99.2,98.8,0.9959677419354838,198.0
peru,2015,99.3,98.8,0.9949647532729103,198.1
peru,2016,99.1,98.8,0.9969727547931383,197.89999999999998
peru,2017,99.3,98.9,0.9959718026183284,198.2
peru,2018,99.1,99.0,0.9989909182643795,198.1
peru,2019,99.1,99.1,1.0,198.2
peru,2020,99.6,99.4,0.997991967871486,199.0
peru,2021,99.1,99.2,1.0010090817356208,198.3
peru,2022,99.3,99.3,1.0,198.6
peru,2023,99.3,99.4,1.001007049345418,198.7
philippines,1990,96.0,97.0,1.0104166666666667,193.0
philippines,1994,96.0,96.0,1.0,192.0
philippines,2000,94.0,96.0,1.0212765957446808,190.0
philippines,2003,94.0,97.0,1.0319148936170213,191.0
philippines,2008,97.0,98.0,1.0103092783505154,195.0
philippines,2013,97.0,99.0,1.0206185567010309,196.0
philippines,2015,99.0,99.0,1.0,198.0
philippines,2017,100.0,100.0,1.0,200.0
philippines,2019,98.0,99.0,1.010204081632653,197.0
philippines,2020,99.0,99.0,1.0,198.0
philippines,2022,100.0,99.51506,0.9951506000000001,199.51506
portugal,1991,99.0,99.0,1.0,198.0
portugal,2011,99.0,99.0,1.0,198.0
puerto rico,1990,92.0,94.0,1.0217391304347827,186.0
puerto rico,2010,99.0,99.0,1.0,198.0
puerto rico,2017,92.0,92.0,1.0,184.0
qatar,1997,94.0,96.0,1.0212765957446808,190.0
qatar,2004,95.0,98.0,1.0315789473684212,193.0
qatar,2007,99.0,99.0,1.0,198.0
qatar,2008,95.0,97.0,1.0210526315789474,192.0
qatar,2009,98.0,98.0,1.0,196.0
qatar,2010,96.0,98.0,1.0208333333333333,194.0
qatar,2011,98.0,99.0,1.010204081632653,197.0
qatar,2012,99.0,100.0,1.0101010101010102,199.0
qatar,2013,99.0,99.0,1.0,198.0
qatar,2014,98.0,100.0,1.0204081632653061,198.0
romania,1992,99.0,99.0,1.0,198.0
romania,2002,98.0,98.0,1.0,196.0
romania,2011,99.0,99.0,1.0,198.0
romania,2021,100.0,100.0,1.0,200.0
russia,2002,100.0,100.0,1.0,200.0
russia,2010,100.0,100.0,1.0,200.0
russia,2021,100.0,100.0,1.0,200.0
rwanda,2000,79.0,77.0,0.9746835443037974,156.0
rwanda,2005,72.72,68.21,0.9379812981298129,140.93
rwanda,2010,80.31,80.06,0.9968870626322999,160.37
rwanda,2012,81.0,83.0,1.0246913580246915,164.0
rwanda,2014,84.0,86.0,1.0238095238095237,170.0
rwanda,2015,87.92002,89.17011,1.0142184908511167,177.09013
rwanda,2018,84.0,89.0,1.0595238095238095,173.0
rwanda,2020,90.36046,92.69652,1.02585267936883,183.05698
rwanda,2022,88.0,92.0,1.0454545454545454,180.0
saint helena,1998,99.0,100.0,1.0101010101010102,199.0
saint lucia,2012,100.0,99.96,0.9995999999999999,199.95999999999998
samoa,1991,99.0,99.0,1.0,198.0
samoa,2011,99.0,99.0,1.0,198.0
samoa,2016,100.0,100.0,1.0,200.0
samoa,2019,98.54096,99.55731,1.010313985169213,198.09827
san marino,2022,100.0,100.0,1.0,200.0
sao tome and principe,1991,96.0,92.0,0.9583333333333334,188.0
sao tome and principe,2001,96.0,95.0,0.9895833333333334,191.0
sao tome and principe,2012,97.0,96.0,0.9896907216494846,193.0
sao tome and principe,2019,95.85022,95.07206,0.9918815001154927,190.92228
saudi arabia,1992,94.0,81.0,0.8617021276595744,175.0
saudi arabia,2000,98.0,94.0,0.9591836734693877,192.0
saudi arabia,2004,97.0,95.0,0.979381443298969,192.0
saudi arabia,2013,99.0,99.0,1.0,198.0
saudi arabia,2017,99.0,99.0,1.0,198.0
saudi arabia,2020,100.0,99.0,0.99,199.0
senegal,2002,58.0,41.0,0.7068965517241379,99.0
senegal,2005,57.43,34.01,0.5921991990248998,91.44
senegal,2006,58.0,45.0,0.7758620689655172,103.0
senegal,2009,72.0,55.0,0.7638888888888888,127.0
senegal,2011,74.0,59.0,0.7972972972972973,133.0
senegal,2013,63.0,51.0,0.8095238095238095,114.0
senegal,2014,63.45,51.06,0.8047281323877069,114.51
senegal,2015,65.78748,56.87536,0.864531670767751,122.66284
senegal,2016,69.407,59.88586,0.8628216174161109,129.29286
senegal,2017,76.0,64.0,0.8421052631578947,140.0
senegal,2018,66.22319,65.68582,0.9918854709354835,131.90901000000002
senegal,2019,68.82227,64.02553,0.9303025023731417,132.8478
senegal,2023,69.2685,65.59709,0.9469974086345163,134.86559
serbia,2003,99.0,99.0,1.0,198.0
serbia,2011,99.0,99.0,1.0,198.0
serbia,2016,100.0,100.0,1.0,200.0
serbia,2019,100.0,100.0,1.0,200.0
seychelles,1994,98.0,99.0,1.010204081632653,197.0
seychelles,2002,99.0,99.0,1.0,198.0
seychelles,2010,99.0,99.0,1.0,198.0
sierra leone,2004,60.0,37.0,0.6166666666666667,97.0
sierra leone,2008,73.58,41.3,0.5612938298450666,114.88
sierra leone,2013,79.69,57.34,0.7195382105659431,137.03
sierra leone,2017,78.74271,68.66314,0.8719936105831256,147.40585
sierra leone,2019,78.1976,67.86192,0.8678261225408452,146.05952
singapore,1990,99.0,99.0,1.0,198.0
singapore,2000,99.0,100.0,1.0101010101010102,199.0
singapore,2010,100.0,100.0,1.0,200.0
singapore,2011,100.0,100.0,1.0,200.0
singapore,2012,100.0,100.0,1.0,200.0
singapore,2013,100.0,100.0,1.0,200.0
singapore,2014,100.0,100.0,1.0,200.0
singapore,2015,100.0,100.0,1.0,200.0
singapore,2016,100.0,100.0,1.0,200.0
singapore,2017,100.0,100.0,1.0,200.0
singapore,2018,100.0,100.0,1.0,200.0
singapore,2019,100.0,100.0,1.0,200.0
singapore,2020,100.0,100.0,1.0,200.0
singapore,2021,100.0,100.0,1.0,200.0
slovenia,1991,100.0,100.0,1.0,200.0
somalia,2022,76.0,65.0,0.8552631578947368,141.0
south africa,1996,93.0,94.0,1.010752688172043,187.0
south africa,2007,97.0,98.0,1.0103092783505154,195.0
south africa,2009,98.0,99.0,1.010204081632653,197.0
south africa,2010,98.0,99.0,1.010204081632653,197.0
south africa,2011,98.0,99.0,1.010204081632653,197.0
south africa,2012,98.0,99.0,1.010204081632653,197.0
south africa,2014,99.0,99.0,1.0,198.0
south africa,2015,99.0,99.0,1.0,198.0
south africa,2016,95.83106,97.71958,1.019706763130868,193.55064
south africa,2017,94.0,97.0,1.0319148936170213,191.0
south africa,2019,98.0,99.0,1.010204081632653,197.0
south africa,2021,96.0,97.0,1.0104166666666667,193.0
south korea,2008,100.0,100.0,1.0,200.0
south sudan,2008,44.0,30.0,0.6818181818181818,74.0
spain,1991,100.0,100.0,1.0,200.0
spain,2004,100.0,100.0,1.0,200.0
spain,2005,100.0,100.0,1.0,200.0
spain,2006,100.0,99.0,0.99,199.0
spain,2007,100.0,100.0,1.0,200.0
spain,2008,100.0,100.0,1.0,200.0
spain,2009,100.0,100.0,1.0,200.0
spain,2010,100.0,100.0,1.0,200.0
spain,2011,100.0,100.0,1.0,200.0
spain,2012,100.0,100.0,1.0,200.0
spain,2013,100.0,100.0,1.0,200.0
spain,2014,100.0,100.0,1.0,200.0
spain,2015,100.0,100.0,1.0,200.0
spain,2016,100.0,100.0,1.0,200.0
spain,2018,100.0,100.0,1.0,200.0
spain,2020,99.0,100.0,1.0101010101010102,199.0
spain,2021,100.0,100.0,1.0,200.0
sri lanka,2001,95.0,96.0,1.0105263157894737,191.0
sri lanka,2006,97.0,98.0,1.0103092783505154,195.0
sri lanka,2008,97.0,99.0,1.0206185567010309,196.0
sri lanka,2010,98.0,99.0,1.010204081632653,197.0
sri lanka,2016,98.0,99.0,1.010204081632653,197.0
sri lanka,2017,99.0,99.0,1.0,198.0
sri lanka,2018,99.0,99.0,1.0,198.0
sri lanka,2019,99.0,99.0,1.0,198.0
sri lanka,2020,99.0,99.0,1.0,198.0
sri lanka,2021,99.0,99.0,1.0,198.0
sri lanka,2022,98.0,99.0,1.010204081632653,197.0
sri lanka,2023,99.0,99.0,1.0,198.0
sudan,2000,86.0,72.0,0.8372093023255814,158.0
sudan,2008,69.0,63.0,0.9130434782608695,132.0
suriname,2004,96.0,94.0,0.9791666666666666,190.0
suriname,2008,99.0,99.0,1.0,198.0
suriname,2010,98.0,99.0,1.010204081632653,197.0
suriname,2012,98.0,97.0,0.9897959183673469,195.0
suriname,2018,97.44166,97.9577,1.005295886790106,195.39936
syria,2002,97.0,93.0,0.9587628865979382,190.0
syria,2004,95.0,90.0,0.9473684210526315,185.0
syria,2021,98.0,98.0,1.0,196.0
tajikistan,2000,100.0,100.0,1.0,200.0
tajikistan,2017,100.0,96.42241,0.9642241,196.42241
tanzania,2002,81.0,76.0,0.9382716049382716,157.0
tanzania,2012,87.0,85.0,0.9770114942528736,172.0
tanzania,2015,87.0,85.0,0.9770114942528736,172.0
tanzania,2022,88.81121,85.12921,0.9585412697338546,173.94042000000002
thailand,2000,98.0,98.0,1.0,196.0
thailand,2005,98.0,98.0,1.0,196.0
thailand,2010,97.0,97.0,1.0,194.0
thailand,2013,98.0,99.0,1.010204081632653,197.0
thailand,2015,98.0,98.0,1.0,196.0
thailand,2016,97.36126,97.63726,1.0028348030828689,194.99851999999998
thailand,2018,98.0,99.0,1.010204081632653,197.0
thailand,2019,98.46694,98.57724,1.0011201729230137,197.04417999999998
thailand,2022,97.94499,98.42796,1.0049310332258954,196.37295
togo,2000,84.0,64.0,0.7619047619047619,148.0
togo,2006,85.0,68.0,0.8,153.0
togo,2009,88.0,75.0,0.8522727272727273,163.0
togo,2011,87.0,73.0,0.8390804597701149,160.0
togo,2014,88.61,67.68,0.7637964112402664,156.29000000000002
togo,2015,90.0,78.0,0.8666666666666667,168.0
togo,2017,89.43568,74.7365,0.8356452368897961,164.17218000000003
togo,2019,92.0,84.0,0.9130434782608695,176.0
togo,2022,93.32553,87.65002,0.9391858797908782,180.97555
tonga,1996,99.0,99.0,1.0,198.0
tonga,2006,99.0,100.0,1.0101010101010102,199.0
tonga,2011,99.0,100.0,1.0101010101010102,199.0
tonga,2016,98.0,98.0,1.0,196.0
tonga,2019,99.91556,99.87335,0.9995775432775436,199.78891
trinidad and tobago,1990,99.0,99.0,1.0,198.0
trinidad and tobago,2022,89.05,99.7281,1.1199112857944975,188.7781
tunisia,2004,96.0,92.0,0.9583333333333334,188.0
tunisia,2007,98.0,95.0,0.9693877551020408,193.0
tunisia,2008,98.0,95.0,0.9693877551020408,193.0
tunisia,2010,98.0,96.0,0.9795918367346939,194.0
tunisia,2011,98.0,96.0,0.9795918367346939,194.0
tunisia,2012,98.0,96.0,0.9795918367346939,194.0
tunisia,2014,97.0,96.0,0.9896907216494846,193.0
tunisia,2018,98.38471,97.53666,0.991380266303575,195.92137
tunisia,2019,97.0,97.0,1.0,194.0
tunisia,2021,98.83691,99.05225,1.0021787407153866,197.88916
tunisia,2023,98.1943,98.12705,0.9993151333631382,196.32135
turkey,1990,97.0,88.0,0.9072164948453608,185.0
turkey,2004,98.0,93.0,0.9489795918367347,191.0
turkey,2005,98.0,94.0,0.9591836734693877,192.0
turkey,2006,98.0,94.0,0.9591836734693877,192.0
turkey,2007,99.0,94.0,0.9494949494949495,193.0
turkey,2009,99.0,97.0,0.9797979797979798,196.0
turkey,2010,99.0,97.0,0.9797979797979798,196.0
turkey,2011,99.0,98.0,0.98989898989899,197.0
turkey,2012,100.0,98.0,0.98,198.0
turkey,2013,100.0,99.0,0.99,199.0
turkey,2014,100.0,99.0,0.99,199.0
turkey,2015,100.0,99.0,0.99,199.0
turkey,2016,100.0,99.0,0.99,199.0
turkey,2017,100.0,100.0,1.0,200.0
turkey,2018,100.0,98.8,0.988,198.8
turkey,2019,100.0,100.0,1.0,200.0
turkey,2021,100.0,100.0,1.0,200.0
turkey,2022,92.57,91.87,0.9924381549097981,184.44
turkmenistan,1995,100.0,100.0,1.0,200.0
turks and caicos islands,2020,99.88,100.0,1.001201441730076,199.88
tuvalu,2019,99.09656,98.50764,0.9940571095505232,197.6042
uganda,1991,77.0,63.0,0.8181818181818182,140.0
uganda,2002,86.0,76.0,0.8837209302325582,162.0
uganda,2006,87.0,81.0,0.9310344827586207,168.0
uganda,2010,90.0,85.0,0.9444444444444444,175.0
uganda,2012,86.0,82.0,0.9534883720930233,168.0
uganda,2016,81.41776,78.18981,0.96035324479573,159.60757
ukraine,2001,100.0,100.0,1.0,200.0
united arab emirates,2005,94.0,97.0,1.0319148936170213,191.0
united arab emirates,2019,98.0,99.0,1.010204081632653,197.0
united arab emirates,2021,100.0,100.0,1.0,200.0
united arab emirates,2022,100.0,100.0,1.0,200.0
united arab emirates,2023,100.0,100.0,1.0,200.0
uruguay,1996,98.0,99.0,1.010204081632653,197.0
uruguay,2006,98.0,99.0,1.010204081632653,197.0
uruguay,2007,98.0,99.0,1.010204081632653,197.0
uruguay,2008,98.6,99.2,1.0060851926977687,197.8
uruguay,2009,98.6,99.3,1.0070993914807302,197.89999999999998
uruguay,2010,98.4,99.2,1.008130081300813,197.60000000000002
uruguay,2011,98.6,99.1,1.0050709939148073,197.7
uruguay,2012,98.6,99.3,1.0070993914807302,197.89999999999998
uruguay,2013,98.6,99.3,1.0070993914807302,197.89999999999998
uruguay,2014,98.3,99.4,1.0111902339776195,197.7
uruguay,2015,98.6,99.2,1.0060851926977687,197.8
uruguay,2016,98.9,99.4,1.0050556117290192,198.3
uruguay,2017,98.6,99.3,1.0070993914807302,197.89999999999998
uruguay,2018,98.6,99.2,1.0060851926977687,197.8
uruguay,2019,98.7,99.3,1.006079027355623,198.0
uruguay,2021,99.1,99.2,1.0010090817356208,198.3
uruguay,2022,98.9,99.4,1.0050556117290192,198.3
uruguay,2023,98.7,99.4,1.0070921985815604,198.10000000000002
uzbekistan,2000,100.0,100.0,1.0,200.0
uzbekistan,2013,100.0,100.0,1.0,200.0
uzbekistan,2014,100.0,100.0,1.0,200.0
uzbekistan,2015,100.0,100.0,1.0,200.0
uzbekistan,2016,100.0,100.0,1.0,200.0
uzbekistan,2018,100.0,100.0,1.0,200.0
uzbekistan,2019,100.0,100.0,1.0,200.0
uzbekistan,2021,100.0,100.0,1.0,200.0
uzbekistan,2022,100.0,100.0,1.0,200.0
vanuatu,2023,93.36447,94.51224,1.012293434536714,187.87671
venezuela,1990,95.0,96.0,1.0105263157894737,191.0
venezuela,2000,96.9,98.2,1.0134158926728587,195.10000000000002
venezuela,2001,97.0,98.3,1.01340206185567,195.3
venezuela,2002,97.2,98.4,1.0123456790123457,195.60000000000002
venezuela,2003,97.2,98.5,1.0133744855967077,195.7
venezuela,2004,97.7,98.6,1.0092118730808597,196.3
venezuela,2005,97.6,98.5,1.0092213114754098,196.1
venezuela,2006,97.8,98.8,1.0102249488752557,196.6
venezuela,2007,98.0,98.8,1.0081632653061223,196.8
venezuela,2008,98.1,98.9,1.0081549439347606,197.0
venezuela,2009,98.3,98.8,1.005086469989827,197.1
venezuela,2010,98.1,98.8,1.0071355759429155,196.89999999999998
venezuela,2011,98.3,99.0,1.007121057985758,197.3
venezuela,2012,98.6,99.1,1.0050709939148073,197.7
venezuela,2013,98.5,98.9,1.0040609137055838,197.4
venezuela,2014,98.6,99.2,1.0060851926977687,197.8
venezuela,2015,99.0,99.0,1.0,198.0
venezuela,2016,98.0,99.0,1.010204081632653,197.0
vietnam,1999,95.0,94.0,0.9894736842105263,189.0
vietnam,2000,96.0,94.0,0.9791666666666666,190.0
vietnam,2009,97.0,97.0,1.0,194.0
vietnam,2019,99.0,99.0,1.0,198.0
vietnam,2020,97.48152,98.96916,1.015260738650772,196.45068
vietnam,2022,99.0,99.0,1.0,198.0
yemen,1994,83.0,35.0,0.42168674698795183,118.0
yemen,2023,61.76,76.91698,1.2454174222797927,138.67698
zambia,1990,67.0,66.0,0.9850746268656716,133.0
zambia,1999,73.0,66.0,0.9041095890410958,139.0
zambia,2002,78.0,66.0,0.8461538461538461,144.0
zambia,2010,91.0,87.0,0.9560439560439561,178.0
zambia,2018,82.44786,72.90992,0.884315493452468,155.35778
zimbabwe,1992,97.0,94.0,0.9690721649484536,191.0
zimbabwe,2019,90.77383,94.2159,1.037919188823475,184.98973
