country,year,adult_literacy,youth_male,youth_female,gender_gap,youth_avg,literacy_growth,literacy_index,literacy_level,generation_gap
afghanistan,2011,31.0,62.0,32.0,30.0,47.0,0.0,37.4,Low,16.0
afghanistan,2015,33.75384,57.73505,25.48416,32.25089,41.609605,8.883354838709657,36.896146,Low,7.855765000000005
afghanistan,2021,37.0,71.0,42.0,29.0,56.5,9.61715763302784,44.8,Low,19.5
albania,2001,99.0,99.0,99.0,0.0,99.0,0.0,99.0,High,0.0
albania,2008,96.0,99.0,99.0,0.0,99.0,-3.0303030303030276,97.19999999999999,High,3.0
albania,2011,97.0,99.0,99.0,0.0,99.0,1.041666666666674,97.8,High,2.0
albania,2012,97.0,99.0,99.0,0.0,99.0,0.0,97.8,High,2.0
albania,2017,98.81623,98.58999,99.52556,-0.9355699999999985,99.05777499999999,1.8724020618556825,98.912848,High,0.2415449999999879
algeria,2002,70.0,94.0,86.0,8.0,90.0,0.0,78.0,Medium,20.0
algeria,2006,73.0,94.0,89.0,5.0,91.5,4.285714285714293,80.4,Medium,18.5
algeria,2008,75.0,96.0,92.0,4.0,94.0,2.7397260273972712,82.6,Medium,19.0
angola,2001,67.0,84.0,63.0,21.0,73.5,0.0,69.6,Medium,6.5
angola,2014,66.0,85.0,71.0,14.0,78.0,-1.4925373134328401,70.80000000000001,Medium,12.0
angola,2015,66.23586,83.96919,67.4276,16.54159,75.698395,0.3573636363636501,70.02087399999999,Medium,9.462535000000003
argentina,1991,96.0,98.0,99.0,-1.0,98.5,0.0,97.0,High,2.5
argentina,2001,97.0,99.0,99.0,0.0,99.0,1.041666666666674,97.8,High,2.0
armenia,2001,99.0,100.0,100.0,0.0,100.0,0.0,99.4,High,1.0
armenia,2011,100.0,100.0,100.0,0.0,100.0,1.0101010101010166,100.0,High,0.0
armenia,2016,100.0,100.0,100.0,0.0,100.0,0.0,100.0,High,0.0
armenia,2017,100.0,100.0,100.0,0.0,100.0,0.0,100.0,High,0.0
armenia,2020,100.0,100.0,100.0,0.0,100.0,0.0,100.0,High,0.0
armenia,2022,99.825,99.64871,99.91656,-0.2678500000000099,99.782635,-0.17499999999999183,99.808054,High,-0.04236500000000376
aruba,2000,97.0,99.0,99.0,0.0,99.0,0.0,97.8,High,2.0
aruba,2010,97.0,99.0,99.0,0.0,99.0,0.0,97.8,High,2.0
azerbaijan,1999,99.0,100.0,100.0,0.0,100.0,0.0,99.4,High,1.0
azerbaijan,2007,100.0,100.0,100.0,0.0,100.0,1.0101010101010166,100.0,High,0.0
azerbaijan,2009,100.0,100.0,100.0,0.0,100.0,0.0,100.0,High,0.0
azerbaijan,2010,100.0,100.0,100.0,0.0,100.0,0.0,100.0,High,0.0
azerbaijan,2011,100.0,100.0,100.0,0.0,100.0,0.0,100.0,High,0.0
azerbaijan,2012,100.0,100.0,100.0,0.0,100.0,0.0,100.0,High,0.0
azerbaijan,2013,100.0,100.0,100.0,0.0,100.0,0.0,100.0,High,0.0
azerbaijan,2014,100.0,100.0,100.0,0.0,100.0,0.0,100.0,High,0.0
azerbaijan,2015,100.0,100.0,100.0,0.0,100.0,0.0,100.0,High,0.0
azerbaijan,2016,100.0,100.0,100.0,0.0,100.0,0.0,100.0,High,0.0
azerbaijan,2017,100.0,100.0,100.0,0.0,100.0,0.0,100.0,High,0.0
azerbaijan,2019,100.0,100.0,100.0,0.0,100.0,0.0,100.0,High,0.0
azerbaijan,2023,100.0,100.0,100.0,0.0,100.0,0.0,100.0,High,0.0
bahrain,1991,84.0,97.0,97.0,0.0,97.0,0.0,89.2,High,13.0
bahrain,2001,87.0,97.0,97.0,0.0,97.0,3.571428571428581,91.0,High,10.0
bahrain,2022,98.0,99.0,99.0,0.0,99.0,12.643678160919535,98.4,High,1.0
bahrain,2023,98.0,99.0,99.0,0.0,99.0,0.0,98.4,High,1.0
bangladesh,1991,35.0,52.0,38.0,14.0,45.0,0.0,39.0,Low,10.0
bangladesh,2001,47.0,67.0,60.0,7.0,63.5,34.28571428571428,53.6,Low,16.5
bangladesh,2011,59.0,76.0,80.0,-4.0,78.0,25.531914893617014,66.6,Low,19.0
bangladesh,2012,58.0,76.0,79.0,-3.0,77.5,-1.6949152542372836,65.8,Low,19.5
bangladesh,2013,61.0,84.0,87.0,-3.0,85.5,5.1724137931034475,70.80000000000001,Medium,24.5
bangladesh,2014,61.0,85.0,86.0,-1.0,85.5,0.0,70.80000000000001,Medium,24.5
bangladesh,2015,65.0,86.0,90.0,-4.0,88.0,6.557377049180335,74.2,Medium,23.0
bangladesh,2016,73.0,91.0,94.0,-3.0,92.5,12.307692307692308,80.8,Medium,19.5
bangladesh,2017,73.0,92.0,94.0,-2.0,93.0,0.0,81.0,Medium,20.0
bangladesh,2018,74.0,92.0,95.0,-3.0,93.5,1.3698630136986356,81.8,Medium,19.5
bangladesh,2019,75.0,94.0,96.0,-2.0,95.0,1.3513513513513598,83.0,Medium,20.0
bangladesh,2020,75.0,93.0,96.0,-3.0,94.5,0.0,82.80000000000001,Medium,19.5
bangladesh,2021,76.0,94.0,96.0,-2.0,95.0,1.333333333333342,83.6,Medium,19.0
bangladesh,2022,79.0,92.0,94.0,-2.0,93.0,3.9473684210526327,84.6,Medium,14.0
belarus,1999,100.0,100.0,100.0,0.0,100.0,0.0,100.0,High,0.0
belarus,2009,100.0,100.0,100.0,0.0,100.0,0.0,100.0,High,0.0
belarus,2019,100.0,100.0,100.0,0.0,100.0,0.0,100.0,High,0.0
belize,1991,70.0,77.0,78.0,-1.0,77.5,0.0,73.0,Medium,7.5
belize,2015,90.91604,97.82818,98.07905,-0.25086999999999193,97.953615,29.88005714285713,93.73106999999999,High,7.037575000000004
benin,1992,27.0,55.0,27.0,28.0,41.0,0.0,32.6,Low,14.0
benin,2002,35.0,59.0,33.0,26.0,46.0,29.629629629629626,39.400000000000006,Low,11.0
benin,2017,38.87121,66.79979,50.98536,15.814430000000002,58.892575,11.060599999999997,46.879756,Low,20.021365000000003
benin,2019,48.99828,76.35444,62.76271,13.591729999999998,69.55857499999999,26.052880782460864,57.222398,Low,20.56029499999999
benin,2021,43.83417,70.96799,59.18644,11.781550000000003,65.077215,-10.539369953394285,52.331388,Low,21.243044999999995
benin,2022,51.37877,74.60011,67.93813,6.66198,71.26912,17.211686681873985,59.33491000000001,Low,19.890349999999998
bhutan,2005,53.0,80.0,68.0,12.0,74.0,0.0,61.4,Low,21.0
bhutan,2012,55.0,90.0,82.0,8.0,86.0,3.7735849056603765,67.4,Low,31.0
bhutan,2017,67.0,93.0,93.0,0.0,93.0,21.818181818181827,77.4,Medium,26.0
bolivia,1992,80.0,96.0,92.0,4.0,94.0,0.0,85.6,Medium,14.0
bolivia,2001,87.0,98.2,96.5,1.7000000000000028,97.35,8.749999999999991,91.13999999999999,High,10.349999999999994
bolivia,2007,91.0,99.8,99.1,0.7000000000000028,99.44999999999999,4.597701149425282,94.38,High,8.449999999999989
bolivia,2008,91.0,99.4,99.0,0.4000000000000057,99.2,0.0,94.28,High,8.200000000000003
bolivia,2009,91.0,99.7,99.1,0.6000000000000085,99.4,0.0,94.36000000000001,High,8.400000000000006
bolivia,2011,92.0,99.3,98.8,0.5,99.05,1.098901098901095,94.82,High,7.049999999999997
bolivia,2012,94.0,99.5,99.2,0.29999999999999716,99.35,2.1739130434782705,96.14,High,5.349999999999994
bolivia,2015,92.0,99.4,99.4,0.0,99.4,-2.127659574468088,94.96000000000001,High,7.400000000000006
bolivia,2020,94.0,99.6,99.5,0.09999999999999432,99.55,2.1739130434782705,96.22,High,5.549999999999997
bosnia and herzegovina,1991,89.0,99.0,99.0,0.0,99.0,0.0,93.0,High,10.0
bosnia and herzegovina,2000,97.0,100.0,100.0,0.0,100.0,8.98876404494382,98.19999999999999,High,3.0
bosnia and herzegovina,2013,97.0,100.0,100.0,0.0,100.0,0.0,98.19999999999999,High,3.0
botswana,1991,69.0,86.0,92.0,-6.0,89.0,0.0,77.0,Medium,20.0
botswana,2003,81.0,92.0,96.0,-4.0,94.0,17.391304347826097,86.2,High,13.0
brazil,2000,86.0,93.0,96.0,-3.0,94.5,0.0,89.4,High,8.5
brazil,2004,89.0,95.7,97.9,-2.200000000000003,96.80000000000001,3.488372093023262,92.12,High,7.800000000000011
brazil,2006,90.0,96.8,98.3,-1.5,97.55,1.1235955056179803,93.02000000000001,High,7.549999999999997
brazil,2007,90.0,97.0,98.6,-1.5999999999999943,97.8,0.0,93.12,High,7.799999999999997
brazil,2008,90.0,97.2,98.5,-1.2999999999999972,97.85,0.0,93.14,High,7.849999999999994
brazil,2009,90.0,97.4,98.7,-1.2999999999999972,98.05000000000001,0.0,93.22,High,8.050000000000011
brazil,2010,90.0,97.0,98.0,-1.0,97.5,0.0,93.0,High,7.5
brazil,2011,91.0,97.9,99.1,-1.1999999999999886,98.5,1.1111111111111072,94.0,High,7.5
brazil,2012,91.0,98.2,99.0,-0.7999999999999972,98.6,0.0,94.03999999999999,High,7.599999999999994
brazil,2013,91.0,98.3,99.2,-0.9000000000000057,98.75,0.0,94.1,High,7.75
brazil,2014,92.0,98.4,99.3,-0.8999999999999915,98.85,1.098901098901095,94.74,High,6.849999999999994
brazil,2015,92.0,98.6,99.3,-0.7000000000000028,98.94999999999999,0.0,94.78,High,6.949999999999989
brazil,2016,93.0,98.7,99.5,-0.7999999999999972,99.1,1.0869565217391353,95.44,High,6.099999999999994
brazil,2017,93.0,98.8,99.5,-0.7000000000000028,99.15,0.0,95.46000000000001,High,6.150000000000006
brazil,2018,93.0,98.7,99.4,-0.7000000000000028,99.05000000000001,0.0,95.42,High,6.050000000000011
brunei,1991,88.0,98.0,98.0,0.0,98.0,0.0,92.0,High,10.0
brunei,2001,93.0,99.0,99.0,0.0,99.0,5.681818181818188,95.4,High,6.0
brunei,2011,96.0,99.0,100.0,-1.0,99.5,3.2258064516129004,97.4,High,3.5
bulgaria,2001,98.0,98.0,98.0,0.0,98.0,0.0,98.0,High,0.0
bulgaria,2011,98.0,98.0,98.0,0.0,98.0,0.0,98.0,High,0.0
burkina faso,1991,14.0,27.0,14.0,13.0,20.5,0.0,16.6,Low,6.5
burkina faso,1996,13.0,25.0,14.0,11.0,19.5,-7.14285714285714,15.600000000000001,Low,6.5
burkina faso,2003,22.0,38.0,25.0,13.0,31.5,69.23076923076923,25.8,Low,9.5
burkina faso,2005,24.0,40.0,26.0,14.0,33.0,9.090909090909083,27.6,Low,9.0
burkina faso,2006,22.0,40.0,27.0,13.0,33.5,-8.333333333333337,26.6,Low,11.5
burkina faso,2007,28.0,47.0,33.0,14.0,40.0,27.27272727272727,32.8,Low,12.0
burkina faso,2014,35.0,57.0,44.0,13.0,50.5,25.0,41.2,Low,15.5
burkina faso,2018,39.0,64.0,54.0,10.0,59.0,11.428571428571432,47.0,Low,20.0
burkina faso,2019,30.0,51.0,44.0,7.0,47.5,-23.076923076923073,37.0,Low,17.5
burkina faso,2021,36.96738,66.64593,58.758,7.887930000000004,62.701965,23.224599999999995,47.261214,Low,25.734585000000003
burkina faso,2022,40.92361,65.47311,60.56925,4.903860000000009,63.02118,10.701948582777575,49.762637999999995,Low,22.097570000000005
burundi,1990,37.0,59.0,48.0,11.0,53.5,0.0,43.6,Low,16.5
burundi,2000,59.0,77.0,70.0,7.0,73.5,59.45945945945945,64.8,Low,14.5
burundi,2008,48.0,67.0,57.0,10.0,62.0,-18.644067796610166,53.599999999999994,Low,14.0
burundi,2014,62.0,85.0,75.0,10.0,80.0,29.166666666666675,69.19999999999999,Medium,18.0
burundi,2016,65.68774,86.7551,82.08605,4.669049999999999,84.420575,5.947967741935489,73.180874,Medium,18.732834999999994
burundi,2017,68.0,91.0,86.0,5.0,88.5,3.520078480398303,76.19999999999999,Medium,20.5
cambodia,1998,67.0,82.0,71.0,11.0,76.5,0.0,70.8,Medium,9.5
cambodia,2004,74.0,88.0,79.0,9.0,83.5,10.447761194029859,77.8,Medium,9.5
cambodia,2008,77.0,89.0,86.0,3.0,87.5,4.054054054054057,81.19999999999999,Medium,10.5
cambodia,2009,76.0,88.0,86.0,2.0,87.0,-1.2987012987012991,80.4,Medium,11.0
cambodia,2014,78.0,90.0,90.0,0.0,90.0,2.6315789473684292,82.8,Medium,12.0
cambodia,2015,81.0,92.0,93.0,-1.0,92.5,3.8461538461538547,85.6,High,11.5
cambodia,2021,71.92725,90.30829,93.50569,-3.197400000000002,91.90699000000001,-11.200925925925919,79.919146,Medium,19.979740000000007
cameroon,2000,68.0,88.0,78.0,10.0,83.0,0.0,74.0,Medium,15.0
cameroon,2007,71.0,89.0,77.0,12.0,83.0,4.4117647058823595,75.80000000000001,Medium,12.0
cameroon,2010,71.0,85.0,76.0,9.0,80.5,0.0,74.80000000000001,Medium,9.5
cameroon,2018,72.54713,87.59698,76.3945,11.202480000000008,81.99574,2.1790563380281736,76.326574,Medium,9.448610000000002
cape verde,1990,63.0,90.0,86.0,4.0,88.0,0.0,73.0,Medium,25.0
cape verde,2012,85.0,98.0,98.0,0.0,98.0,34.92063492063493,90.2,High,13.0
cape verde,2015,87.0,98.0,99.0,-1.0,98.5,2.35294117647058,91.6,High,11.5
cayman islands,2007,99.0,99.0,99.0,0.0,99.0,0.0,99.0,High,0.0
central african republic,2000,51.0,73.0,49.0,24.0,61.0,0.0,55.0,Low,10.0
central african republic,2019,42.44279,64.90382,36.67682,28.226999999999997,50.790319999999994,-16.778843137254896,45.781802,Low,8.347529999999992
chad,1993,11.0,26.0,9.0,17.0,17.5,0.0,13.6,Low,6.5
chad,2000,26.0,56.0,23.0,33.0,39.5,136.36363636363637,31.4,Low,13.5
chad,2004,28.0,54.0,31.0,23.0,42.5,7.692307692307687,33.8,Low,14.5
chad,2016,22.0,41.0,22.0,19.0,31.5,-21.42857142857143,25.8,Low,9.5
chad,2019,30.62792,56.26247,33.32039,22.942079999999997,44.791430000000005,39.217818181818174,36.293324,Low,14.163510000000006
chile,1992,94.0,98.0,99.0,-1.0,98.5,0.0,95.80000000000001,High,4.5
chile,2002,96.0,99.0,99.0,0.0,99.0,2.127659574468077,97.19999999999999,High,3.0
chile,2011,97.0,99.2,99.6,-0.3999999999999915,99.4,1.041666666666674,97.96000000000001,High,2.4000000000000057
chile,2013,96.0,99.0,99.1,-0.09999999999999432,99.05,-1.0309278350515427,97.22,High,3.049999999999997
chile,2015,97.0,99.3,99.4,-0.10000000000000853,99.35,1.041666666666674,97.94,High,2.3499999999999943
chile,2017,96.0,99.0,99.0,0.0,99.0,-1.0309278350515427,97.19999999999999,High,3.0
china,1990,78.0,97.0,91.0,6.0,94.0,0.0,84.4,Medium,16.0
china,2000,91.0,99.0,99.0,0.0,99.0,16.666666666666675,94.2,High,8.0
china,2010,95.0,100.0,100.0,0.0,100.0,4.395604395604402,97.0,High,5.0
china,2020,97.0,100.0,100.0,0.0,100.0,2.1052631578947434,98.19999999999999,High,3.0
colombia,1993,91.0,95.0,96.0,-1.0,95.5,0.0,92.80000000000001,High,4.5
colombia,1996,91.0,96.0,98.0,-2.0,97.0,0.0,93.4,High,6.0
colombia,2004,93.0,97.5,98.4,-0.9000000000000057,97.95,2.19780219780219,94.98,High,4.950000000000003
colombia,2005,93.0,97.6,98.4,-0.8000000000000114,98.0,0.0,95.0,High,5.0
colombia,2006,92.0,98.0,98.0,0.0,98.0,-1.0752688172043001,94.4,High,6.0
colombia,2007,93.0,97.0,98.0,-1.0,97.5,1.0869565217391353,94.8,High,4.5
colombia,2008,93.0,97.5,98.4,-0.9000000000000057,97.95,0.0,94.98,High,4.950000000000003
colombia,2009,93.0,97.4,98.4,-1.0,97.9,0.0,94.96000000000001,High,4.900000000000006
colombia,2010,93.0,97.8,98.6,-0.7999999999999972,98.19999999999999,0.0,95.08,High,5.199999999999989
colombia,2011,94.0,97.8,98.8,-1.0,98.3,1.0752688172043001,95.72,High,4.299999999999997
colombia,2014,94.0,98.1,98.9,-0.8000000000000114,98.5,0.0,95.80000000000001,High,4.5
colombia,2015,94.0,98.2,98.9,-0.7000000000000028,98.55000000000001,0.0,95.82000000000001,High,4.550000000000011
colombia,2016,95.0,98.3,99.0,-0.7000000000000028,98.65,1.0638297872340496,96.46000000000001,High,3.6500000000000057
colombia,2018,95.0,98.7,99.1,-0.3999999999999915,98.9,0.0,96.56,High,3.9000000000000057
colombia,2019,95.0,98.5,99.2,-0.7000000000000028,98.85,0.0,96.53999999999999,High,3.8499999999999943
colombia,2020,96.0,98.7,99.3,-0.5999999999999943,99.0,1.0526315789473717,97.19999999999999,High,3.0
comoros,2000,68.0,84.0,78.0,6.0,81.0,0.0,73.19999999999999,Medium,13.0
congo,2005,76.0,88.0,71.0,17.0,79.5,0.0,77.4,Medium,3.5
costa rica,2000,95.0,97.0,98.0,-1.0,97.5,0.0,96.0,High,2.5
costa rica,2011,97.0,99.0,99.0,0.0,99.0,2.1052631578947434,97.8,High,2.0
cote d'ivoire,1998,36.0,54.0,40.0,14.0,47.0,0.0,40.4,Low,11.0
cote d'ivoire,2000,49.0,71.0,52.0,19.0,61.5,36.111111111111114,54.0,Low,12.5
cote d'ivoire,2014,44.0,59.0,47.0,12.0,53.0,-10.204081632653061,47.6,Low,9.0
cote d'ivoire,2016,50.03968,71.98823,54.73764,17.250590000000003,63.362935,13.726545454545459,55.368981999999995,Low,13.323255000000003
cote d'ivoire,2019,90.0,93.0,76.0,17.0,84.5,79.85726527427835,87.80000000000001,High,-5.5
cote d'ivoire,2021,50.00064,76.16145,58.31827,17.843180000000004,67.23986,-44.443733333333334,56.896328,Low,17.239219999999996
croatia,1991,97.0,100.0,100.0,0.0,100.0,0.0,98.19999999999999,High,3.0
croatia,2001,98.0,100.0,100.0,0.0,100.0,1.0309278350515427,98.8,High,2.0
cuba,2002,100.0,100.0,100.0,0.0,100.0,0.0,100.0,High,0.0
cuba,2012,100.0,100.0,100.0,0.0,100.0,0.0,100.0,High,0.0
cuba,2019,97.65491,99.53119,99.70794,-0.1767499999999984,99.619565,-2.345089999999994,98.440772,High,1.9646549999999934
cyprus,1992,94.0,100.0,100.0,0.0,100.0,0.0,96.4,High,6.0
cyprus,2001,97.0,100.0,100.0,0.0,100.0,3.1914893617021267,98.19999999999999,High,3.0
cyprus,2011,99.0,100.0,100.0,0.0,100.0,2.0618556701030855,99.4,High,1.0
democratic republic of congo,2001,67.0,78.0,63.0,15.0,70.5,0.0,68.4,Medium,3.5
democratic republic of congo,2012,75.0,91.0,77.0,14.0,84.0,11.940298507462677,78.6,Medium,9.0
democratic republic of congo,2016,77.0,91.0,80.0,11.0,85.5,2.6666666666666616,80.4,Medium,8.5
democratic republic of congo,2018,73.55303,90.81754,77.53746,13.280079999999998,84.1775,-4.476584415584406,77.802818,Medium,10.624469999999988
dominican republic,2002,87.0,93.8,96.5,-2.700000000000003,95.15,0.0,90.25999999999999,High,8.150000000000006
dominican republic,2007,88.0,97.2,97.8,-0.5999999999999943,97.5,1.1494252873563315,91.8,High,9.5
dominican republic,2010,90.0,96.2,97.9,-1.7000000000000028,97.05000000000001,2.2727272727272707,92.82000000000001,High,7.050000000000011
dominican republic,2011,90.0,96.5,98.6,-2.0999999999999943,97.55,0.0,93.02000000000001,High,7.549999999999997
dominican republic,2012,90.0,96.7,98.0,-1.2999999999999972,97.35,0.0,92.94,High,7.349999999999994
dominican republic,2013,91.0,97.6,98.3,-0.7000000000000028,97.94999999999999,1.1111111111111072,93.78,High,6.949999999999989
dominican republic,2014,92.0,98.0,98.2,-0.20000000000000284,98.1,1.098901098901095,94.44,High,6.099999999999994
dominican republic,2015,92.0,98.1,98.1,0.0,98.1,0.0,94.44,High,6.099999999999994
dominican republic,2016,94.0,98.1,98.8,-0.7000000000000028,98.44999999999999,2.1739130434782705,95.78,High,4.449999999999989
east timor,2010,58.0,80.0,79.0,1.0,79.5,0.0,66.6,Low,21.5
east timor,2016,65.77913,89.55101,88.72531,0.8257000000000119,89.13816,13.41229310344827,75.12274199999999,Medium,23.359030000000004
ecuador,1990,88.0,97.0,96.0,1.0,96.5,0.0,91.4,High,8.5
ecuador,2001,91.0,97.6,97.3,0.29999999999999716,97.44999999999999,3.409090909090917,93.58,High,6.449999999999989
ecuador,2007,92.0,98.2,98.6,-0.3999999999999915,98.4,1.098901098901095,94.56,High,6.400000000000006
ecuador,2008,92.0,98.4,98.5,-0.09999999999999432,98.45,0.0,94.58,High,6.450000000000003
ecuador,2009,92.0,98.7,98.9,-0.20000000000000284,98.80000000000001,0.0,94.72,High,6.800000000000011
ecuador,2010,92.0,98.5,98.9,-0.4000000000000057,98.7,0.0,94.68,High,6.700000000000003
ecuador,2011,92.0,98.6,98.8,-0.20000000000000284,98.69999999999999,0.0,94.67999999999999,High,6.699999999999989
ecuador,2012,92.0,98.8,98.9,-0.10000000000000853,98.85,0.0,94.74,High,6.849999999999994
ecuador,2013,93.0,98.6,98.6,0.0,98.6,1.0869565217391353,95.24,High,5.599999999999994
ecuador,2014,94.0,99.0,99.2,-0.20000000000000284,99.1,1.0752688172043001,96.03999999999999,High,5.099999999999994
ecuador,2015,94.0,99.3,98.9,0.3999999999999915,99.1,0.0,96.03999999999999,High,5.099999999999994
ecuador,2016,94.0,99.0,99.1,-0.09999999999999432,99.05,0.0,96.02000000000001,High,5.049999999999997
ecuador,2017,93.0,99.1,99.4,-0.30000000000001137,99.25,-1.0638297872340385,95.5,High,6.25
ecuador,2020,94.0,98.5,99.1,-0.5999999999999943,98.8,1.0752688172043001,95.92,High,4.799999999999997
ecuador,2021,94.0,99.0,99.2,-0.20000000000000284,99.1,0.0,96.03999999999999,High,5.099999999999994
ecuador,2022,94.0,99.0,99.2,-0.20000000000000284,99.1,0.0,96.03999999999999,High,5.099999999999994
egypt,1996,56.0,79.0,67.0,12.0,73.0,0.0,62.800000000000004,Low,17.0
egypt,2005,67.0,90.0,79.0,11.0,84.5,19.64285714285714,74.0,Medium,17.5
egypt,2006,66.0,88.0,82.0,6.0,85.0,-1.4925373134328401,73.6,Medium,19.0
egypt,2010,72.0,91.0,84.0,7.0,87.5,9.090909090909083,78.19999999999999,Medium,15.5
egypt,2012,74.0,92.0,86.0,6.0,89.0,2.777777777777768,80.0,Medium,15.0
egypt,2013,72.0,94.0,90.0,4.0,92.0,-2.7027027027026973,80.0,Medium,20.0
egypt,2017,71.0,89.0,87.0,2.0,88.0,-1.388888888888884,77.80000000000001,Medium,17.0
el salvador,1992,74.0,85.0,85.0,0.0,85.0,0.0,78.4,Medium,11.0
el salvador,2006,84.0,94.4,95.5,-1.0999999999999943,94.95,13.513513513513509,88.38,High,10.950000000000003
el salvador,2007,82.0,95.2,95.8,-0.5999999999999943,95.5,-2.3809523809523836,87.4,High,13.5
el salvador,2008,84.0,95.0,96.0,-1.0,95.5,2.4390243902439046,88.6,High,11.5
el salvador,2009,84.0,95.1,96.1,-1.0,95.6,0.0,88.64,High,11.599999999999994
el salvador,2010,84.0,95.7,96.4,-0.7000000000000028,96.05000000000001,0.0,88.82000000000001,High,12.050000000000011
el salvador,2011,85.0,96.0,97.0,-1.0,96.5,1.1904761904761862,89.6,High,11.5
el salvador,2013,87.0,96.9,97.5,-0.5999999999999943,97.2,2.35294117647058,91.08,High,10.200000000000003
el salvador,2015,88.0,97.5,98.4,-0.9000000000000057,97.95,1.1494252873563315,91.98,High,9.950000000000003
el salvador,2016,88.0,97.7,98.3,-0.5999999999999943,98.0,0.0,92.0,High,10.0
el salvador,2017,88.0,97.8,98.1,-0.29999999999999716,97.94999999999999,0.0,91.97999999999999,High,9.949999999999989
el salvador,2018,89.0,97.7,98.2,-0.5,97.95,1.1363636363636465,92.58000000000001,High,8.950000000000003
el salvador,2019,89.0,98.0,98.7,-0.7000000000000028,98.35,0.0,92.74000000000001,High,9.349999999999994
el salvador,2020,90.0,98.3,98.7,-0.4000000000000057,98.5,1.1235955056179803,93.4,High,8.5
el salvador,2023,90.0,97.6,98.5,-0.9000000000000057,98.05,0.0,93.22,High,8.049999999999997
equatorial guinea,2000,88.0,98.0,97.0,1.0,97.5,0.0,91.8,High,9.5
eritrea,2002,53.0,86.0,69.0,17.0,77.5,0.0,62.8,Low,24.5
eritrea,2008,65.0,91.0,83.0,8.0,87.0,22.64150943396226,73.80000000000001,Medium,22.0
estonia,2000,100.0,100.0,100.0,0.0,100.0,0.0,100.0,High,0.0
estonia,2011,100.0,100.0,100.0,0.0,100.0,0.0,100.0,High,0.0
eswatini,2000,82.0,91.0,93.0,-2.0,92.0,0.0,86.0,High,10.0
eswatini,2022,90.74702,98.55315,98.77755,-0.22440000000000282,98.66535,10.667097560975613,93.91435200000001,High,7.918329999999997
ethiopia,1994,27.0,39.0,28.0,11.0,33.5,0.0,29.6,Low,6.5
ethiopia,2004,36.0,62.0,39.0,23.0,50.5,33.33333333333333,41.8,Low,14.5
ethiopia,2007,39.0,63.0,47.0,16.0,55.0,8.333333333333325,45.4,Low,16.0
ethiopia,2016,47.49159,79.13417,64.5676,14.566569999999999,71.850885,21.773307692307696,57.235308,Low,24.359295000000003
gabon,1993,72.0,94.0,92.0,2.0,93.0,0.0,80.4,Medium,21.0
gabon,2021,88.85834,94.95532,93.04062,1.9146999999999963,93.99797000000001,23.414361111111106,90.914192,High,5.139630000000011
gambia,2000,37.0,64.0,41.0,23.0,52.5,0.0,43.2,Low,15.5
gambia,2015,51.0,71.0,64.0,7.0,67.5,37.83783783783783,57.599999999999994,Low,16.5
gambia,2018,53.1602,74.97817,67.01137,7.966800000000006,70.99477,4.235686274509809,60.294028,Low,17.83457
gambia,2021,51.6374,72.01779,62.55218,9.465610000000005,67.284985,-2.864549042328668,57.896434,Low,15.647585000000007
georgia,2002,100.0,100.0,100.0,0.0,100.0,0.0,100.0,High,0.0
georgia,2014,100.0,100.0,100.0,0.0,100.0,0.0,100.0,High,0.0
georgia,2017,99.0,100.0,99.0,1.0,99.5,-1.0000000000000009,99.2,High,0.5
georgia,2018,99.65366,99.9046,99.94143,-0.03682999999999481,99.92301499999999,0.6602626262626199,99.761402,High,0.26935499999999024
georgia,2022,100.0,100.0,100.0,0.0,100.0,0.3475436827909739,100.0,High,0.0
georgia,2023,99.55547,98.88482,99.8423,-0.9574799999999897,99.36356,-0.44452999999999854,99.478706,High,-0.19190999999999292
ghana,2000,58.0,76.0,65.0,11.0,70.5,0.0,63.0,Low,12.5
ghana,2010,71.0,88.0,83.0,5.0,85.5,22.413793103448263,76.80000000000001,Medium,14.5
ghana,2017,64.49239,89.77029,85.2477,4.522590000000008,87.508995,-9.165647887323946,73.699032,Medium,23.016605
ghana,2021,76.48568,91.73803,91.30476,0.43326999999999316,91.521395,18.59644215387273,82.499966,Medium,15.035714999999996
greece,1991,93.0,99.0,99.0,0.0,99.0,0.0,95.4,High,6.0
greece,2001,96.0,99.0,99.0,0.0,99.0,3.2258064516129004,97.19999999999999,High,3.0
greece,2009,94.0,100.0,99.0,1.0,99.5,-2.083333333333337,96.2,High,5.5
guam,1990,99.0,100.0,100.0,0.0,100.0,0.0,99.4,High,1.0
guatemala,1994,64.0,82.0,71.0,11.0,76.5,0.0,69.0,Medium,12.5
guatemala,2002,69.0,86.0,78.0,8.0,82.0,7.8125,74.2,Medium,13.0
guatemala,2012,78.0,95.0,92.0,3.0,93.5,13.043478260869556,84.19999999999999,Medium,15.5
guatemala,2013,77.0,94.0,90.0,4.0,92.0,-1.2820512820512775,83.0,Medium,15.0
guatemala,2014,81.0,94.9,91.9,3.0,93.4,5.1948051948051965,85.96000000000001,High,12.400000000000006
guatemala,2015,80.19509,96.67467,93.61574,3.0589300000000037,95.145205,-0.9937160493827202,86.17513600000001,High,14.950115000000011
guatemala,2018,81.0,95.0,94.0,1.0,94.5,1.0036898767742608,86.4,High,13.5
guatemala,2022,83.03117,95.85535,94.21057,1.6447799999999972,95.03296,2.507617283950614,87.831886,High,12.00179
guinea,1996,21.0,44.0,13.0,31.0,28.5,0.0,24.0,Low,7.5
guinea,2003,30.0,59.0,34.0,25.0,46.5,42.85714285714286,36.6,Low,16.5
guinea,2010,25.0,38.0,22.0,16.0,30.0,-16.666666666666664,27.0,Low,5.0
guinea,2014,32.0,57.0,37.0,20.0,47.0,28.000000000000004,38.0,Low,15.0
guinea,2018,40.0,70.0,43.0,27.0,56.5,25.0,46.6,Low,16.5
guinea-bissau,2000,41.0,75.0,46.0,29.0,60.5,0.0,48.8,Low,19.5
guinea-bissau,2019,54.88232,81.83359,68.58931,13.244280000000003,75.21145,33.859317073170736,63.013972,Low,20.32913
guinea-bissau,2022,63.93413,86.19711,78.26567,7.931439999999995,82.23139,16.49312565503791,71.25303400000001,Medium,18.29726
guyana,2020,85.63835,99.26508,99.02955,0.23552999999999713,99.14731499999999,0.0,91.04193599999999,High,13.50896499999999
haiti,2003,59.0,83.0,81.0,2.0,82.0,0.0,68.2,Low,23.0
haiti,2017,68.00986,88.38471,89.32992,-0.945210000000003,88.857315,15.270949152542368,76.348842,Medium,20.847454999999997
honduras,2001,80.0,89.7,92.7,-3.0,91.2,0.0,84.48,Medium,11.200000000000003
honduras,2007,84.0,93.0,95.0,-2.0,94.0,5.000000000000004,88.0,High,10.0
honduras,2010,85.0,94.4,95.9,-1.5,95.15,1.1904761904761862,89.06,High,10.150000000000006
honduras,2011,85.0,94.9,96.9,-2.0,95.9,0.0,89.36000000000001,High,10.900000000000006
honduras,2012,85.0,94.0,96.0,-2.0,95.0,0.0,89.0,High,10.0
honduras,2013,85.0,93.9,96.3,-2.3999999999999915,95.1,0.0,89.03999999999999,High,10.099999999999994
honduras,2014,87.0,95.0,96.3,-1.2999999999999972,95.65,2.35294117647058,90.46000000000001,High,8.650000000000006
honduras,2015,88.0,95.0,97.0,-2.0,96.0,1.1494252873563315,91.2,High,8.0
honduras,2016,89.0,94.9,97.2,-2.299999999999997,96.05000000000001,1.1363636363636465,91.82000000000001,High,7.050000000000011
honduras,2018,87.0,94.9,98.2,-3.299999999999997,96.55000000000001,-2.2471910112359605,90.82,High,9.550000000000011
honduras,2019,89.0,94.8,97.3,-2.5,96.05,2.298850574712641,91.82,High,7.049999999999997
india,1991,48.0,74.0,49.0,25.0,61.5,0.0,53.4,Low,13.5
india,2001,61.0,84.0,68.0,16.0,76.0,27.083333333333325,67.0,Medium,15.0
india,2006,63.0,88.0,74.0,14.0,81.0,3.2786885245901676,70.19999999999999,Medium,18.0
india,2011,69.0,90.0,82.0,8.0,86.0,9.523809523809534,75.8,Medium,17.0
india,2022,76.0,97.0,96.0,1.0,96.5,10.144927536231885,84.2,Medium,20.5
india,2023,82.0,98.0,96.0,2.0,97.0,7.8947368421052655,88.0,High,15.0
indonesia,1990,82.0,97.0,95.0,2.0,96.0,0.0,87.6,High,14.0
indonesia,2004,90.0,99.0,99.0,0.0,99.0,9.756097560975618,93.6,High,9.0
indonesia,2006,92.0,97.0,96.0,1.0,96.5,2.2222222222222143,93.8,High,4.5
indonesia,2008,92.0,100.0,99.0,1.0,99.5,0.0,95.0,High,7.5
indonesia,2009,93.0,100.0,99.0,1.0,99.5,1.0869565217391353,95.6,High,6.5
indonesia,2011,93.0,99.0,99.0,0.0,99.0,0.0,95.4,High,6.0
indonesia,2014,95.0,100.0,100.0,0.0,100.0,2.1505376344086002,97.0,High,5.0
indonesia,2015,95.0,100.0,100.0,0.0,100.0,0.0,97.0,High,5.0
indonesia,2016,95.0,100.0,100.0,0.0,100.0,0.0,97.0,High,5.0
indonesia,2018,96.0,100.0,100.0,0.0,100.0,1.0526315789473717,97.6,High,4.0
indonesia,2020,96.0,100.0,100.0,0.0,100.0,0.0,97.6,High,4.0
iran,1991,66.0,92.0,81.0,11.0,86.5,0.0,74.2,Medium,20.5
iran,1996,73.0,96.0,91.0,5.0,93.5,10.606060606060597,81.19999999999999,Medium,20.5
iran,2005,82.0,98.0,97.0,1.0,97.5,12.328767123287676,88.19999999999999,High,15.5
iran,2006,82.0,97.0,96.0,1.0,96.5,0.0,87.8,High,14.5
iran,2008,83.0,98.0,97.0,1.0,97.5,1.2195121951219523,88.8,High,14.5
iran,2012,84.0,98.0,98.0,0.0,98.0,1.2048192771084265,89.6,High,14.0
iran,2013,85.0,98.0,97.0,1.0,97.5,1.1904761904761862,90.0,High,12.5
iran,2014,85.0,98.0,98.0,0.0,98.0,0.0,90.2,High,13.0
iran,2016,86.0,98.0,98.0,0.0,98.0,1.17647058823529,90.80000000000001,High,12.0
iraq,2000,74.0,89.0,80.0,9.0,84.5,0.0,78.2,Medium,10.5
iraq,2012,77.0,87.0,79.0,8.0,83.0,4.054054054054057,79.4,Medium,6.0
iraq,2014,82.0,92.0,86.0,6.0,89.0,6.493506493506485,84.8,High,7.0
iraq,2016,83.0,93.0,88.0,5.0,90.5,1.2195121951219523,86.0,High,7.5
iraq,2017,86.0,95.0,92.0,3.0,93.5,3.6144578313253017,89.0,High,7.5
italy,2001,98.0,100.0,100.0,0.0,100.0,0.0,98.8,High,2.0
italy,2011,99.0,100.0,100.0,0.0,100.0,1.0204081632652962,99.4,High,1.0
italy,2019,99.0,100.0,100.0,0.0,100.0,0.0,99.4,High,1.0
jamaica,1999,80.0,87.0,96.0,-9.0,91.5,0.0,84.6,Medium,11.5
jordan,2003,90.0,99.0,99.0,0.0,99.0,0.0,93.6,High,9.0
jordan,2005,91.0,99.0,99.0,0.0,99.0,1.1111111111111072,94.2,High,8.0
jordan,2007,92.0,99.0,99.0,0.0,99.0,1.098901098901095,94.8,High,7.0
jordan,2010,93.0,99.0,99.0,0.0,99.0,1.0869565217391353,95.4,High,6.0
jordan,2011,96.0,99.0,99.0,0.0,99.0,3.2258064516129004,97.19999999999999,High,3.0
jordan,2012,98.0,99.0,99.0,0.0,99.0,2.083333333333326,98.4,High,1.0
jordan,2018,95.43145,97.42178,95.90284,1.5189400000000006,96.66230999999999,-2.620969387755101,95.92379399999999,High,1.2308599999999927
jordan,2023,95.0,99.0,99.0,0.0,99.0,-0.4521046258859074,96.6,High,4.0
kazakhstan,1999,100.0,100.0,100.0,0.0,100.0,0.0,100.0,High,0.0
kazakhstan,2009,100.0,100.0,100.0,0.0,100.0,0.0,100.0,High,0.0
kenya,2000,82.0,93.0,92.0,1.0,92.5,0.0,86.19999999999999,High,10.5
kiribati,2018,97.95971,95.83073,98.50159,-2.6708599999999905,97.16615999999999,0.0,97.64229,High,-0.7935500000000104
kuwait,1995,78.0,94.0,90.0,4.0,92.0,0.0,83.6,Medium,14.0
kuwait,2005,93.0,100.0,100.0,0.0,100.0,19.23076923076923,95.8,High,7.0
kuwait,2006,93.0,99.0,98.0,1.0,98.5,0.0,95.2,High,5.5
kuwait,2007,94.0,98.0,99.0,-1.0,98.5,1.0752688172043001,95.80000000000001,High,4.5
kuwait,2008,94.0,99.0,99.0,0.0,99.0,0.0,96.0,High,5.0
kuwait,2010,94.0,99.0,99.0,0.0,99.0,0.0,96.0,High,5.0
kuwait,2012,96.0,99.0,99.0,0.0,99.0,2.127659574468077,97.19999999999999,High,3.0
kuwait,2013,96.0,99.0,99.0,0.0,99.0,0.0,97.19999999999999,High,3.0
kuwait,2015,96.0,99.0,99.0,0.0,99.0,0.0,97.19999999999999,High,3.0
kuwait,2017,96.0,99.0,99.0,0.0,99.0,0.0,97.19999999999999,High,3.0
kuwait,2018,96.0,99.0,100.0,-1.0,99.5,0.0,97.4,High,3.5
kuwait,2020,96.0,99.0,100.0,-1.0,99.5,0.0,97.4,High,3.5
kyrgyzstan,1999,99.0,100.0,100.0,0.0,100.0,0.0,99.4,High,1.0
kyrgyzstan,2009,99.0,100.0,100.0,0.0,100.0,0.0,99.4,High,1.0
laos,1995,60.0,79.0,64.0,15.0,71.5,0.0,64.6,Low,11.5
laos,2000,70.0,88.0,74.0,14.0,81.0,16.666666666666675,74.4,Medium,11.0
laos,2001,69.0,83.0,75.0,8.0,79.0,-1.4285714285714235,73.0,Medium,10.0
laos,2005,73.0,89.0,79.0,10.0,84.0,5.797101449275366,77.4,Medium,11.0
laos,2015,85.0,94.0,91.0,3.0,92.5,16.43835616438356,88.0,High,7.5
latvia,2000,100.0,100.0,100.0,0.0,100.0,0.0,100.0,High,0.0
latvia,2011,100.0,100.0,100.0,0.0,100.0,0.0,100.0,High,0.0
lebanon,2007,90.0,98.0,99.0,-1.0,98.5,0.0,93.4,High,8.5
lebanon,2009,91.0,99.0,99.0,0.0,99.0,1.1111111111111072,94.2,High,8.0
lebanon,2018,93.0,98.0,96.0,2.0,97.0,2.19780219780219,94.6,High,4.0
lesotho,2000,86.0,85.0,97.0,-12.0,91.0,0.0,88.0,High,5.0
lesotho,2006,66.0,66.0,85.0,-19.0,75.5,-23.25581395348837,69.80000000000001,Medium,9.5
lesotho,2016,97.0,97.0,100.0,-3.0,98.5,46.96969696969697,97.6,High,1.5
lesotho,2018,86.24087,92.35318,98.26914,-5.915959999999998,95.31116,-11.091886597938139,89.868986,High,9.07029
lithuania,2001,100.0,100.0,100.0,0.0,100.0,0.0,100.0,High,0.0
lithuania,2011,100.0,100.0,100.0,0.0,100.0,0.0,100.0,High,0.0
macao,2001,91.0,99.0,100.0,-1.0,99.5,0.0,94.4,High,8.5
macao,2006,93.0,100.0,100.0,0.0,100.0,2.19780219780219,95.8,High,7.0
macao,2011,96.0,100.0,100.0,0.0,100.0,3.2258064516129004,97.6,High,4.0
macao,2016,97.0,100.0,100.0,0.0,100.0,1.041666666666674,98.19999999999999,High,3.0
madagascar,2000,71.0,73.0,68.0,5.0,70.5,0.0,70.80000000000001,Medium,-0.5
madagascar,2005,59.0,59.0,56.0,3.0,57.5,-16.901408450704224,58.4,Low,-1.5
madagascar,2012,72.0,78.0,75.0,3.0,76.5,22.033898305084755,73.8,Medium,4.5
madagascar,2018,77.0,81.0,79.0,2.0,80.0,6.944444444444442,78.19999999999999,Medium,3.0
madagascar,2021,74.68614,82.52617,82.23735,0.288819999999987,82.38176,-3.0050129870129894,77.764388,Medium,7.695620000000005
malawi,1998,64.0,82.0,71.0,11.0,76.5,0.0,69.0,Medium,12.5
malawi,2020,70.15227,81.30133,80.14176,1.159569999999988,80.72154499999999,9.612921875000001,74.37997999999999,Medium,10.56927499999999
malaysia,1991,83.0,96.0,95.0,1.0,95.5,0.0,88.0,High,12.5
malaysia,2000,89.0,97.0,97.0,0.0,97.0,7.2289156626506035,92.2,High,8.0
malaysia,2010,93.0,98.0,98.0,0.0,98.0,4.494382022471921,95.0,High,5.0
malaysia,2016,95.0,97.0,98.0,-1.0,97.5,2.1505376344086002,96.0,High,2.5
malaysia,2017,95.0,97.0,97.0,0.0,97.0,0.0,95.80000000000001,High,2.0
malaysia,2018,95.0,97.0,97.0,0.0,97.0,0.0,95.80000000000001,High,2.0
malaysia,2019,95.0,97.0,97.0,0.0,97.0,0.0,95.80000000000001,High,2.0
malaysia,2022,96.0,99.0,98.0,1.0,98.5,1.0526315789473717,97.0,High,2.5
maldives,1990,96.0,98.0,98.0,0.0,98.0,0.0,96.8,High,2.0
maldives,1995,96.0,98.0,98.0,0.0,98.0,0.0,96.8,High,2.0
maldives,2000,96.0,98.0,98.0,0.0,98.0,0.0,96.8,High,2.0
maldives,2006,98.0,99.0,99.0,0.0,99.0,2.083333333333326,98.4,High,1.0
maldives,2014,99.0,99.0,99.0,0.0,99.0,1.0204081632652962,99.0,High,0.0
maldives,2016,98.0,98.0,99.0,-1.0,98.5,-1.0101010101010055,98.2,High,0.5
maldives,2017,94.50551,97.31116,99.67299,-2.3618299999999977,98.492075,-3.565806122448978,96.10013599999999,High,3.986564999999999
maldives,2019,98.21186,98.62147,98.86908,-0.24760999999999456,98.74527499999999,3.921834822117787,98.425226,High,0.5334149999999909
mali,1998,19.0,32.0,17.0,15.0,24.5,0.0,21.200000000000003,Low,5.5
mali,2006,26.0,47.0,31.0,16.0,39.0,36.8421052631579,31.200000000000003,Low,13.0
mali,2010,31.0,56.0,34.0,22.0,45.0,19.23076923076923,36.599999999999994,Low,14.0
mali,2011,31.0,56.0,30.0,26.0,43.0,0.0,35.8,Low,12.0
mali,2015,33.0,61.0,39.0,22.0,50.0,6.451612903225801,39.8,Low,17.0
mali,2018,35.0,58.0,43.0,15.0,50.5,6.060606060606055,41.2,Low,15.5
malta,1995,88.0,94.0,98.0,-4.0,96.0,0.0,91.2,High,8.0
malta,2005,92.0,97.0,99.0,-2.0,98.0,4.545454545454541,94.4,High,6.0
malta,2011,93.0,98.0,99.0,-1.0,98.5,1.0869565217391353,95.2,High,5.5
marshall islands,2011,98.0,98.0,99.0,-1.0,98.5,0.0,98.2,High,0.5
mauritania,2000,51.0,68.0,55.0,13.0,61.5,0.0,55.2,Low,10.5
mauritania,2013,62.0,74.0,68.0,6.0,71.0,21.568627450980383,65.6,Medium,9.0
mauritania,2015,65.11202,86.73236,75.69968,11.03268,81.21602,5.019387096774186,71.55362,Medium,16.104
mauritania,2020,59.52966,75.25897,66.98027,8.2787,71.11962,-8.573470766227187,64.165644,Low,11.589959999999998
mauritius,1990,80.0,91.0,92.0,-1.0,91.5,0.0,84.6,Medium,11.5
mauritius,2000,84.0,94.0,95.0,-1.0,94.5,5.000000000000004,88.2,High,10.5
mauritius,2011,89.0,98.0,99.0,-1.0,98.5,5.952380952380953,92.80000000000001,High,9.5
mexico,1990,88.0,96.0,95.0,1.0,95.5,0.0,91.0,High,7.5
mexico,2000,91.0,97.2,97.4,-0.20000000000000284,97.30000000000001,3.409090909090917,93.52000000000001,High,6.300000000000011
mexico,2002,90.0,97.8,97.2,0.5999999999999943,97.5,-1.098901098901095,93.0,High,7.5
mexico,2004,91.0,97.1,97.5,-0.4000000000000057,97.3,1.1111111111111072,93.52000000000001,High,6.299999999999997
mexico,2005,92.0,98.0,98.0,0.0,98.0,1.098901098901095,94.4,High,6.0
mexico,2006,92.0,98.1,97.7,0.3999999999999915,97.9,0.0,94.36,High,5.900000000000006
mexico,2007,93.0,98.0,98.0,0.0,98.0,1.0869565217391353,95.0,High,5.0
mexico,2008,93.0,98.2,98.3,-0.09999999999999432,98.25,0.0,95.1,High,5.25
mexico,2009,93.0,99.0,98.0,1.0,98.5,0.0,95.2,High,5.5
mexico,2010,93.0,98.2,98.6,-0.3999999999999915,98.4,0.0,95.16,High,5.400000000000006
mexico,2011,94.0,98.0,99.0,-1.0,98.5,1.0752688172043001,95.80000000000001,High,4.5
mexico,2012,94.0,98.6,98.9,-0.30000000000001137,98.75,0.0,95.9,High,4.75
mexico,2013,94.0,99.0,99.0,0.0,99.0,0.0,96.0,High,5.0
mexico,2014,95.0,98.4,98.9,-0.5,98.65,1.0638297872340496,96.46000000000001,High,3.6500000000000057
mexico,2015,94.0,99.0,99.0,0.0,99.0,-1.0526315789473717,96.0,High,5.0
mexico,2016,95.0,98.5,98.7,-0.20000000000000284,98.6,1.0638297872340496,96.44,High,3.5999999999999943
mexico,2017,95.0,99.0,99.0,0.0,99.0,0.0,96.6,High,4.0
mexico,2018,95.0,98.4,98.8,-0.3999999999999915,98.6,0.0,96.44,High,3.5999999999999943
mexico,2020,95.0,98.8,99.1,-0.29999999999999716,98.94999999999999,0.0,96.58,High,3.9499999999999886
moldova,2000,97.0,99.0,100.0,-1.0,99.5,0.0,98.0,High,2.5
moldova,2014,99.0,100.0,100.0,0.0,100.0,2.0618556701030855,99.4,High,1.0
mongolia,2000,98.0,97.0,98.0,-1.0,97.5,0.0,97.8,High,-0.5
mongolia,2010,98.0,98.0,99.0,-1.0,98.5,0.0,98.2,High,0.5
mongolia,2018,96.89635,99.6363,99.42351,0.21279000000001247,99.529905,-1.126173469387759,97.949772,High,2.633555000000001
mongolia,2020,99.0,99.0,99.0,0.0,99.0,2.1710312101539397,99.0,High,0.0
mongolia,2022,98.72622,99.61688,99.77098,-0.15409999999999968,99.69393,-0.27654545454545154,99.113304,High,0.9677099999999967
montenegro,1991,93.0,99.0,99.0,0.0,99.0,0.0,95.4,High,6.0
montenegro,2003,98.0,99.0,99.0,0.0,99.0,5.376344086021501,98.4,High,1.0
montenegro,2011,98.0,99.0,99.0,0.0,99.0,0.0,98.4,High,1.0
montenegro,2018,98.5344,96.23099,98.95459,-2.7235999999999905,97.59279000000001,0.5453061224489852,98.157756,High,-0.9416099999999972
morocco,1994,42.0,71.0,46.0,25.0,58.5,0.0,48.6,Low,16.5
morocco,2004,52.0,81.0,60.0,21.0,70.5,23.809523809523814,59.400000000000006,Low,18.5
morocco,2008,55.0,86.0,70.0,16.0,78.0,5.769230769230771,64.2,Low,23.0
morocco,2009,56.0,87.0,72.0,15.0,79.5,1.8181818181818077,65.4,Low,23.5
morocco,2011,67.0,89.0,74.0,15.0,81.5,19.64285714285714,72.8,Medium,14.5
morocco,2012,69.0,94.0,88.0,6.0,91.0,2.9850746268656803,77.8,Medium,22.0
mozambique,1997,39.0,59.0,37.0,22.0,48.0,0.0,42.6,Low,9.0
mozambique,2003,48.0,74.0,50.0,24.0,62.0,23.076923076923084,53.599999999999994,Low,14.0
mozambique,2009,51.0,80.0,57.0,23.0,68.5,6.25,58.0,Low,17.5
mozambique,2015,56.0,79.0,63.0,16.0,71.0,9.80392156862746,62.0,Low,15.0
mozambique,2017,61.0,77.0,65.0,12.0,71.0,8.92857142857142,65.0,Medium,10.0
mozambique,2020,60.0,76.0,65.0,11.0,70.5,-1.6393442622950838,64.2,Low,10.5
myanmar,2000,90.0,96.0,93.0,3.0,94.5,0.0,91.80000000000001,High,4.5
myanmar,2014,90.0,94.0,94.0,0.0,94.0,0.0,91.6,High,4.0
myanmar,2019,89.0,95.0,96.0,-1.0,95.5,-1.1111111111111072,91.6,High,6.5
namibia,1991,76.0,86.0,90.0,-4.0,88.0,0.0,80.80000000000001,Medium,12.0
namibia,2001,85.0,91.0,94.0,-3.0,92.5,11.842105263157897,88.0,High,7.5
namibia,2011,88.0,93.0,95.0,-2.0,94.0,3.529411764705892,90.4,High,6.0
nepal,1991,33.0,68.0,33.0,35.0,50.5,0.0,40.0,Low,17.5
nepal,2001,49.0,81.0,60.0,21.0,70.5,48.484848484848484,57.6,Low,21.5
nepal,2011,60.0,90.0,80.0,10.0,85.0,22.44897959183674,70.0,Low,25.0
nepal,2016,65.50101,94.43616,84.58498,9.85118,89.51057,9.16834999999998,75.104834,Medium,24.009560000000008
nepal,2019,68.7125,96.80686,92.07302,4.733840000000001,94.43994,4.9029625650047315,79.003476,Medium,25.72744
new caledonia,1996,96.0,99.0,99.0,0.0,99.0,0.0,97.19999999999999,High,3.0
nicaragua,2001,77.0,85.3,89.4,-4.1000000000000085,87.35,0.0,81.13999999999999,Medium,10.349999999999994
nicaragua,2005,78.0,89.4,92.7,-3.299999999999997,91.05000000000001,1.298701298701288,83.22,Medium,13.050000000000011
niger,2001,14.0,26.0,14.0,12.0,20.0,0.0,16.4,Low,6.0
niger,2005,29.0,52.0,23.0,29.0,37.5,107.14285714285717,32.4,Low,8.5
niger,2012,31.0,49.0,32.0,17.0,40.5,6.896551724137923,34.8,Low,9.5
niger,2018,33.04745,56.88975,36.36699,20.522759999999998,46.628370000000004,6.604677419354821,38.479818,Low,13.580920000000006
niger,2022,35.60971,63.96316,44.7403,19.222860000000004,54.35173,7.753275971368456,43.106518,Low,18.742020000000004
nigeria,1991,55.0,81.0,62.0,19.0,71.5,0.0,61.6,Low,16.5
nigeria,2003,55.0,78.0,61.0,17.0,69.5,0.0,60.8,Low,14.5
nigeria,2006,70.0,83.0,75.0,8.0,79.0,27.27272727272727,73.6,Medium,9.0
nigeria,2016,58.22134,78.43424,67.12351,11.310730000000007,72.778875,-16.826657142857147,64.044354,Low,14.557535000000001
nigeria,2021,63.15554,77.77638,69.04957,8.72681,73.412975,8.474899409735336,67.258514,Medium,10.257435000000001
north korea,2008,100.0,100.0,100.0,0.0,100.0,0.0,100.0,High,0.0
north macedonia,1994,94.0,99.0,99.0,0.0,99.0,0.0,96.0,High,5.0
north macedonia,2002,96.0,99.0,98.0,1.0,98.5,2.127659574468077,97.0,High,2.5
oman,2003,66.0,66.0,85.0,-19.0,75.5,0.0,69.80000000000001,Medium,9.5
oman,2008,87.0,98.0,98.0,0.0,98.0,31.818181818181813,91.4,High,11.0
oman,2010,87.0,97.0,98.0,-1.0,97.5,0.0,91.19999999999999,High,10.5
oman,2015,93.0,99.0,99.0,0.0,99.0,6.896551724137923,95.4,High,6.0
oman,2017,96.0,98.0,99.0,-1.0,98.5,3.2258064516129004,97.0,High,2.5
oman,2018,96.0,98.0,99.0,-1.0,98.5,0.0,97.0,High,2.5
oman,2020,97.0,100.0,100.0,0.0,100.0,1.041666666666674,98.19999999999999,High,3.0
oman,2022,97.0,100.0,100.0,0.0,100.0,0.0,98.19999999999999,High,3.0
pakistan,1998,43.0,67.0,43.0,24.0,55.0,0.0,47.8,Low,12.0
pakistan,2005,50.0,77.0,53.0,24.0,65.0,16.279069767441868,56.0,Low,15.0
pakistan,2006,54.0,79.0,58.0,21.0,68.5,8.000000000000007,59.8,Low,14.5
pakistan,2007,52.0,75.0,57.0,18.0,66.0,-3.703703703703709,57.6,Low,14.0
pakistan,2008,56.0,79.0,61.0,18.0,70.0,7.692307692307687,61.6,Low,14.0
pakistan,2009,55.0,79.0,61.0,18.0,70.0,-1.7857142857142905,61.0,Low,15.0
pakistan,2010,55.0,80.0,62.0,18.0,71.0,0.0,61.400000000000006,Low,16.0
pakistan,2011,55.0,78.0,63.0,15.0,70.5,0.0,61.2,Low,15.5
pakistan,2012,57.0,80.0,64.0,16.0,72.0,3.6363636363636376,63.0,Low,15.0
pakistan,2013,56.0,79.0,63.0,16.0,71.0,-1.7543859649122862,62.0,Low,15.0
pakistan,2014,57.0,80.0,66.0,14.0,73.0,1.7857142857142794,63.4,Low,16.0
pakistan,2017,59.0,81.0,68.0,13.0,74.5,3.5087719298245723,65.2,Low,15.5
pakistan,2018,57.0,80.0,64.0,16.0,72.0,-3.3898305084745783,63.0,Low,15.0
pakistan,2019,58.0,80.0,65.0,15.0,72.5,1.7543859649122862,63.8,Low,14.5
pakistan,2021,58.8561,79.45763,66.52292,12.934709999999995,72.990275,1.4760344827586147,64.50977,Low,14.134174999999999
palau,2013,100.0,100.0,100.0,0.0,100.0,0.0,100.0,High,0.0
palau,2015,97.0,98.0,99.0,-1.0,98.5,-3.0000000000000027,97.6,High,1.5
palestine,1997,86.0,97.0,97.0,0.0,97.0,0.0,90.4,High,11.0
palestine,2004,92.0,99.0,99.0,0.0,99.0,6.976744186046502,94.8,High,7.0
palestine,2006,93.0,99.0,99.0,0.0,99.0,1.0869565217391353,95.4,High,6.0
palestine,2007,94.0,99.0,99.0,0.0,99.0,1.0752688172043001,96.0,High,5.0
palestine,2008,94.0,99.0,99.0,0.0,99.0,0.0,96.0,High,5.0
palestine,2009,94.0,99.0,99.0,0.0,99.0,0.0,96.0,High,5.0
palestine,2010,95.0,99.0,99.0,0.0,99.0,1.0638297872340496,96.6,High,4.0
palestine,2011,95.0,99.0,99.0,0.0,99.0,0.0,96.6,High,4.0
palestine,2012,96.0,99.0,99.0,0.0,99.0,1.0526315789473717,97.19999999999999,High,3.0
palestine,2013,96.0,99.0,99.0,0.0,99.0,0.0,97.19999999999999,High,3.0
palestine,2014,96.0,99.0,99.0,0.0,99.0,0.0,97.19999999999999,High,3.0
palestine,2015,96.0,99.0,99.0,0.0,99.0,0.0,97.19999999999999,High,3.0
palestine,2016,97.0,99.0,99.0,0.0,99.0,1.041666666666674,97.8,High,2.0
palestine,2017,97.0,99.0,99.0,0.0,99.0,0.0,97.8,High,2.0
palestine,2018,97.0,99.0,99.0,0.0,99.0,0.0,97.8,High,2.0
palestine,2019,97.0,99.0,99.0,0.0,99.0,0.0,97.8,High,2.0
palestine,2020,98.0,99.0,99.0,0.0,99.0,1.0309278350515427,98.4,High,1.0
palestine,2022,98.0,99.0,99.0,0.0,99.0,0.0,98.4,High,1.0
panama,1990,89.0,95.0,95.0,0.0,95.0,0.0,91.4,High,6.0
panama,2000,92.0,97.0,96.0,1.0,96.5,3.370786516853941,93.8,High,4.5
panama,2010,94.0,98.0,97.0,1.0,97.5,2.1739130434782705,95.4,High,3.5
panama,2018,95.0,99.3,98.9,0.3999999999999915,99.1,1.0638297872340496,96.64,High,4.099999999999994
panama,2019,96.0,98.9,98.9,0.0,98.9,1.0526315789473717,97.16,High,2.9000000000000057
papua new guinea,2000,57.0,69.0,64.0,5.0,66.5,0.0,60.8,Low,9.5
papua new guinea,2017,70.06368,87.25939,78.08662,9.17277,82.67300499999999,22.918736842105282,75.10741,Medium,12.609324999999984
paraguay,1992,90.0,96.0,95.0,1.0,95.5,0.0,92.2,High,5.5
paraguay,2007,95.0,98.6,98.8,-0.20000000000000284,98.69999999999999,5.555555555555558,96.47999999999999,High,3.6999999999999886
paraguay,2008,93.0,97.6,98.2,-0.6000000000000085,97.9,-2.1052631578947323,94.96000000000001,High,4.900000000000006
paraguay,2009,94.0,98.0,99.0,-1.0,98.5,1.0752688172043001,95.80000000000001,High,4.5
paraguay,2010,94.0,98.5,98.6,-0.09999999999999432,98.55,0.0,95.82,High,4.549999999999997
paraguay,2012,94.0,98.3,98.1,0.20000000000000284,98.19999999999999,0.0,95.68,High,4.199999999999989
paraguay,2013,95.0,98.6,99.2,-0.6000000000000085,98.9,1.0638297872340496,96.56,High,3.9000000000000057
paraguay,2014,95.0,99.0,98.5,0.5,98.75,0.0,96.5,High,3.75
paraguay,2015,96.0,98.4,99.0,-0.5999999999999943,98.7,1.0526315789473717,97.08,High,2.700000000000003
paraguay,2016,95.0,98.2,98.7,-0.5,98.45,-1.041666666666663,96.38,High,3.450000000000003
paraguay,2018,94.0,97.7,98.9,-1.2000000000000028,98.30000000000001,-1.0526315789473717,95.72,High,4.300000000000011
paraguay,2019,93.0,98.0,98.7,-0.7000000000000028,98.35,-1.0638297872340385,95.14,High,5.349999999999994
paraguay,2020,95.0,98.6,98.7,-0.10000000000000853,98.65,2.1505376344086002,96.46000000000001,High,3.6500000000000057
peru,1993,87.0,97.0,94.0,3.0,95.5,0.0,90.4,High,8.5
peru,2004,88.0,98.4,96.3,2.1000000000000085,97.35,1.1494252873563315,91.74,High,9.349999999999994
peru,2005,88.0,98.1,96.8,1.2999999999999972,97.44999999999999,0.0,91.78,High,9.449999999999989
peru,2006,89.0,98.6,97.3,1.2999999999999972,97.94999999999999,1.1363636363636465,92.58,High,8.949999999999989
peru,2007,90.0,98.1,97.0,1.0999999999999943,97.55,1.1235955056179803,93.02000000000001,High,7.549999999999997
peru,2012,94.0,98.7,98.7,0.0,98.7,4.444444444444451,95.88,High,4.700000000000003
peru,2014,94.0,99.2,98.8,0.4000000000000057,99.0,0.0,96.0,High,5.0
peru,2015,94.0,99.3,98.8,0.5,99.05,0.0,96.02000000000001,High,5.049999999999997
peru,2016,94.0,99.1,98.8,0.29999999999999716,98.94999999999999,0.0,95.97999999999999,High,4.949999999999989
peru,2017,94.0,99.3,98.9,0.3999999999999915,99.1,0.0,96.03999999999999,High,5.099999999999994
peru,2018,94.0,99.1,99.0,0.09999999999999432,99.05,0.0,96.02000000000001,High,5.049999999999997
peru,2020,94.0,99.6,99.4,0.19999999999998863,99.5,0.0,96.2,High,5.5
philippines,1990,94.0,96.0,97.0,-1.0,96.5,0.0,95.0,High,2.5
philippines,1994,94.0,96.0,96.0,0.0,96.0,0.0,94.80000000000001,High,2.0
philippines,2000,93.0,94.0,96.0,-2.0,95.0,-1.0638297872340385,93.8,High,2.0
philippines,2003,93.0,94.0,97.0,-3.0,95.5,0.0,94.0,High,2.5
philippines,2008,95.0,97.0,98.0,-1.0,97.5,2.1505376344086002,96.0,High,2.5
philippines,2013,96.0,97.0,99.0,-2.0,98.0,1.0526315789473717,96.8,High,2.0
philippines,2015,98.0,99.0,99.0,0.0,99.0,2.083333333333326,98.4,High,1.0
philippines,2019,96.0,98.0,99.0,-1.0,98.5,-2.0408163265306145,97.0,High,2.5
philippines,2020,98.0,99.0,99.0,0.0,99.0,2.083333333333326,98.4,High,1.0
portugal,1991,88.0,99.0,99.0,0.0,99.0,0.0,92.4,High,11.0
portugal,2011,94.0,99.0,99.0,0.0,99.0,6.818181818181812,96.0,High,5.0
puerto rico,1990,90.0,92.0,94.0,-2.0,93.0,0.0,91.2,High,3.0
puerto rico,2010,92.0,99.0,99.0,0.0,99.0,2.2222222222222143,94.8,High,7.0
puerto rico,2017,92.0,92.0,92.0,0.0,92.0,0.0,92.0,High,0.0
qatar,1997,83.0,94.0,96.0,-2.0,95.0,0.0,87.8,High,12.0
qatar,2004,89.0,95.0,98.0,-3.0,96.5,7.2289156626506035,92.0,High,7.5
qatar,2007,93.0,99.0,99.0,0.0,99.0,4.494382022471921,95.4,High,6.0
qatar,2008,94.0,95.0,97.0,-2.0,96.0,1.0752688172043001,94.80000000000001,High,2.0
qatar,2009,95.0,98.0,98.0,0.0,98.0,1.0638297872340496,96.2,High,3.0
qatar,2010,96.0,96.0,98.0,-2.0,97.0,1.0526315789473717,96.4,High,1.0
qatar,2011,96.0,98.0,99.0,-1.0,98.5,0.0,97.0,High,2.5
qatar,2012,97.0,99.0,100.0,-1.0,99.5,1.041666666666674,98.0,High,2.5
qatar,2013,97.0,99.0,99.0,0.0,99.0,0.0,97.8,High,2.0
qatar,2014,98.0,98.0,100.0,-2.0,99.0,1.0309278350515427,98.4,High,1.0
romania,1992,97.0,99.0,99.0,0.0,99.0,0.0,97.8,High,2.0
romania,2002,97.0,98.0,98.0,0.0,98.0,0.0,97.4,High,1.0
romania,2011,99.0,99.0,99.0,0.0,99.0,2.0618556701030855,99.0,High,0.0
romania,2021,99.0,100.0,100.0,0.0,100.0,0.0,99.4,High,1.0
russia,2002,99.0,100.0,100.0,0.0,100.0,0.0,99.4,High,1.0
russia,2010,100.0,100.0,100.0,0.0,100.0,1.0101010101010166,100.0,High,0.0
russia,2021,100.0,100.0,100.0,0.0,100.0,0.0,100.0,High,0.0
rwanda,2000,65.0,79.0,77.0,2.0,78.0,0.0,70.2,Medium,13.0
rwanda,2012,68.0,81.0,83.0,-2.0,82.0,4.615384615384621,73.6,Medium,14.0
rwanda,2014,71.0,84.0,86.0,-2.0,85.0,4.4117647058823595,76.6,Medium,14.0
rwanda,2018,73.0,84.0,89.0,-5.0,86.5,2.8169014084507005,78.4,Medium,13.5
rwanda,2020,80.05086,90.36046,92.69652,-2.3360600000000034,91.52849,9.658712328767116,84.641912,High,11.477630000000005
rwanda,2022,79.0,88.0,92.0,-4.0,90.0,-1.3127404252746278,83.4,Medium,11.0
saint helena,1998,97.0,99.0,100.0,-1.0,99.5,0.0,98.0,High,2.5
samoa,1991,98.0,99.0,99.0,0.0,99.0,0.0,98.4,High,1.0
samoa,2011,99.0,99.0,99.0,0.0,99.0,1.0204081632652962,99.0,High,0.0
samoa,2016,99.0,100.0,100.0,0.0,100.0,0.0,99.4,High,1.0
samoa,2019,97.99026,98.54096,99.55731,-1.0163500000000028,99.049135,-1.0199393939393842,98.41381000000001,High,1.0588750000000005
san marino,2022,100.0,100.0,100.0,0.0,100.0,0.0,100.0,High,0.0
sao tome and principe,1991,73.0,96.0,92.0,4.0,94.0,0.0,81.4,Medium,21.0
sao tome and principe,2001,85.0,96.0,95.0,1.0,95.5,16.43835616438356,89.2,High,10.5
sao tome and principe,2012,90.0,97.0,96.0,1.0,96.5,5.882352941176472,92.6,High,6.5
sao tome and principe,2019,87.43846,95.85022,95.07206,0.7781599999999997,95.46114,-2.8461555555555518,90.64753200000001,High,8.022679999999994
saudi arabia,1992,71.0,94.0,81.0,13.0,87.5,0.0,77.6,Medium,16.5
saudi arabia,2000,79.0,98.0,94.0,4.0,96.0,11.267605633802823,85.80000000000001,Medium,17.0
saudi arabia,2004,83.0,97.0,95.0,2.0,96.0,5.063291139240511,88.2,High,13.0
saudi arabia,2013,94.0,99.0,99.0,0.0,99.0,13.25301204819278,96.0,High,5.0
saudi arabia,2017,95.0,99.0,99.0,0.0,99.0,1.0638297872340496,96.6,High,4.0
saudi arabia,2020,98.0,100.0,99.0,1.0,99.5,3.157894736842115,98.6,High,1.5
senegal,2002,39.0,58.0,41.0,17.0,49.5,0.0,43.2,Low,10.5
senegal,2006,42.0,58.0,45.0,13.0,51.5,7.692307692307687,45.8,Low,9.5
senegal,2009,48.0,72.0,55.0,17.0,63.5,14.28571428571428,54.2,Low,15.5
senegal,2011,52.0,74.0,59.0,15.0,66.5,8.333333333333325,57.8,Low,14.5
senegal,2013,44.0,63.0,51.0,12.0,57.0,-15.384615384615385,49.2,Low,13.0
senegal,2015,43.59273,65.78748,56.87536,8.912120000000002,61.33142,-0.9256136363636314,50.688206,Low,17.73869
senegal,2016,46.09964,69.407,59.88586,9.521139999999995,64.64643,5.750752476387677,53.518356,Low,18.546789999999994
senegal,2017,52.0,76.0,64.0,12.0,70.0,12.799145503088516,59.2,Low,18.0
senegal,2018,46.60591,66.22319,65.68582,0.5373699999999957,65.95450500000001,-10.37325,54.34534800000001,Low,19.34859500000001
senegal,2019,46.83367,68.82227,64.02553,4.79674,66.4239,0.4886933867400023,54.669762000000006,Low,19.590230000000005
senegal,2023,50.35582,69.2685,65.59709,3.6714100000000087,67.432795,7.520550919883084,57.18661,Low,17.076974999999997
serbia,2003,96.0,99.0,99.0,0.0,99.0,0.0,97.19999999999999,High,3.0
serbia,2011,98.0,99.0,99.0,0.0,99.0,2.083333333333326,98.4,High,1.0
serbia,2016,99.0,100.0,100.0,0.0,100.0,1.0204081632652962,99.4,High,1.0
serbia,2019,99.0,100.0,100.0,0.0,100.0,0.0,99.4,High,1.0
seychelles,1994,88.0,98.0,99.0,-1.0,98.5,0.0,92.2,High,10.5
seychelles,2002,92.0,99.0,99.0,0.0,99.0,4.545454545454541,94.8,High,7.0
seychelles,2010,94.0,99.0,99.0,0.0,99.0,2.1739130434782705,96.0,High,5.0
sierra leone,2004,35.0,60.0,37.0,23.0,48.5,0.0,40.400000000000006,Low,13.5
sierra leone,2017,44.83318,78.74271,68.66314,10.079570000000004,73.702925,28.0948,56.381078,Low,28.869744999999995
sierra leone,2019,43.57778,78.1976,67.86192,10.335679999999996,73.02976,-2.800158275634257,55.358571999999995,Low,29.45198
singapore,1990,89.0,99.0,99.0,0.0,99.0,0.0,93.0,High,10.0
singapore,2000,93.0,99.0,100.0,-1.0,99.5,4.494382022471921,95.6,High,6.5
singapore,2010,96.0,100.0,100.0,0.0,100.0,3.2258064516129004,97.6,High,4.0
singapore,2011,96.0,100.0,100.0,0.0,100.0,0.0,97.6,High,4.0
singapore,2012,96.0,100.0,100.0,0.0,100.0,0.0,97.6,High,4.0
singapore,2013,97.0,100.0,100.0,0.0,100.0,1.041666666666674,98.19999999999999,High,3.0
singapore,2014,97.0,100.0,100.0,0.0,100.0,0.0,98.19999999999999,High,3.0
singapore,2015,97.0,100.0,100.0,0.0,100.0,0.0,98.19999999999999,High,3.0
singapore,2016,97.0,100.0,100.0,0.0,100.0,0.0,98.19999999999999,High,3.0
singapore,2017,97.0,100.0,100.0,0.0,100.0,0.0,98.19999999999999,High,3.0
singapore,2018,97.0,100.0,100.0,0.0,100.0,0.0,98.19999999999999,High,3.0
singapore,2019,97.0,100.0,100.0,0.0,100.0,0.0,98.19999999999999,High,3.0
singapore,2020,97.0,100.0,100.0,0.0,100.0,0.0,98.19999999999999,High,3.0
singapore,2021,98.0,100.0,100.0,0.0,100.0,1.0309278350515427,98.8,High,2.0
slovenia,1991,100.0,100.0,100.0,0.0,100.0,0.0,100.0,High,0.0
somalia,2022,54.0,76.0,65.0,11.0,70.5,0.0,60.6,Low,16.5
south africa,1996,82.0,93.0,94.0,-1.0,93.5,0.0,86.6,High,11.5
south africa,2007,89.0,97.0,98.0,-1.0,97.5,8.536585365853666,92.4,High,8.5
south africa,2009,93.0,98.0,99.0,-1.0,98.5,4.494382022471921,95.2,High,5.5
south africa,2010,93.0,98.0,99.0,-1.0,98.5,0.0,95.2,High,5.5
south africa,2011,93.0,98.0,99.0,-1.0,98.5,0.0,95.2,High,5.5
south africa,2012,94.0,98.0,99.0,-1.0,98.5,1.0752688172043001,95.80000000000001,High,4.5
south africa,2014,94.0,99.0,99.0,0.0,99.0,0.0,96.0,High,5.0
south africa,2015,94.0,99.0,99.0,0.0,99.0,0.0,96.0,High,5.0
south africa,2016,91.73724,95.83106,97.71958,-1.8885199999999998,96.77532,-2.407191489361704,93.752472,High,5.038079999999994
south africa,2017,87.0,94.0,97.0,-3.0,95.5,-5.163922524811082,90.4,High,8.5
south africa,2019,95.0,98.0,99.0,-1.0,98.5,9.195402298850585,96.4,High,3.5
south africa,2021,90.0,96.0,97.0,-1.0,96.5,-5.263157894736848,92.6,High,6.5
south korea,2008,98.0,100.0,100.0,0.0,100.0,0.0,98.8,High,2.0
south sudan,2008,27.0,44.0,30.0,14.0,37.0,0.0,31.0,Low,10.0
spain,1991,96.0,100.0,100.0,0.0,100.0,0.0,97.6,High,4.0
spain,2004,97.0,100.0,100.0,0.0,100.0,1.041666666666674,98.19999999999999,High,3.0
spain,2005,98.0,100.0,100.0,0.0,100.0,1.0309278350515427,98.8,High,2.0
spain,2006,98.0,100.0,99.0,1.0,99.5,0.0,98.6,High,1.5
spain,2007,98.0,100.0,100.0,0.0,100.0,0.0,98.8,High,2.0
spain,2008,98.0,100.0,100.0,0.0,100.0,0.0,98.8,High,2.0
spain,2009,98.0,100.0,100.0,0.0,100.0,0.0,98.8,High,2.0
spain,2010,98.0,100.0,100.0,0.0,100.0,0.0,98.8,High,2.0
spain,2011,98.0,100.0,100.0,0.0,100.0,0.0,98.8,High,2.0
spain,2012,98.0,100.0,100.0,0.0,100.0,0.0,98.8,High,2.0
spain,2013,98.0,100.0,100.0,0.0,100.0,0.0,98.8,High,2.0
spain,2014,98.0,100.0,100.0,0.0,100.0,0.0,98.8,High,2.0
spain,2015,98.0,100.0,100.0,0.0,100.0,0.0,98.8,High,2.0
spain,2016,98.0,100.0,100.0,0.0,100.0,0.0,98.8,High,2.0
spain,2018,98.0,100.0,100.0,0.0,100.0,0.0,98.8,High,2.0
spain,2020,99.0,99.0,100.0,-1.0,99.5,1.0204081632652962,99.2,High,0.5
spain,2021,100.0,100.0,100.0,0.0,100.0,1.0101010101010166,100.0,High,0.0
sri lanka,2001,91.0,95.0,96.0,-1.0,95.5,0.0,92.80000000000001,High,4.5
sri lanka,2006,91.0,97.0,98.0,-1.0,97.5,0.0,93.6,High,6.5
sri lanka,2008,91.0,97.0,99.0,-2.0,98.0,0.0,93.80000000000001,High,7.0
sri lanka,2010,91.0,98.0,99.0,-1.0,98.5,0.0,94.0,High,7.5
sri lanka,2016,92.0,98.0,99.0,-1.0,98.5,1.098901098901095,94.6,High,6.5
sri lanka,2017,92.0,99.0,99.0,0.0,99.0,0.0,94.8,High,7.0
sri lanka,2018,92.0,99.0,99.0,0.0,99.0,0.0,94.8,High,7.0
sri lanka,2019,92.0,99.0,99.0,0.0,99.0,0.0,94.8,High,7.0
sri lanka,2020,92.0,99.0,99.0,0.0,99.0,0.0,94.8,High,7.0
sri lanka,2021,92.0,99.0,99.0,0.0,99.0,0.0,94.8,High,7.0
sri lanka,2022,92.0,98.0,99.0,-1.0,98.5,0.0,94.6,High,6.5
sri lanka,2023,93.0,99.0,99.0,0.0,99.0,1.0869565217391353,95.4,High,6.0
sudan,2000,61.0,86.0,72.0,14.0,79.0,0.0,68.2,Medium,18.0
sudan,2008,54.0,69.0,63.0,6.0,66.0,-11.475409836065575,58.8,Low,12.0
suriname,2004,90.0,96.0,94.0,2.0,95.0,0.0,92.0,High,5.0
suriname,2008,95.0,99.0,99.0,0.0,99.0,5.555555555555558,96.6,High,4.0
suriname,2010,95.0,98.0,99.0,-1.0,98.5,0.0,96.4,High,3.5
suriname,2012,93.0,98.0,97.0,1.0,97.5,-2.1052631578947323,94.8,High,4.5
syria,2002,83.0,97.0,93.0,4.0,95.0,0.0,87.8,High,12.0
syria,2004,81.0,95.0,90.0,5.0,92.5,-2.409638554216864,85.6,High,11.5
syria,2021,94.0,98.0,98.0,0.0,98.0,16.049382716049386,95.6,High,4.0
tajikistan,2000,99.0,100.0,100.0,0.0,100.0,0.0,99.4,High,1.0
tanzania,2002,69.0,81.0,76.0,5.0,78.5,0.0,72.8,Medium,9.5
tanzania,2012,78.0,87.0,85.0,2.0,86.0,13.043478260869556,81.19999999999999,Medium,8.0
tanzania,2015,78.0,87.0,85.0,2.0,86.0,0.0,81.19999999999999,Medium,8.0
thailand,2000,93.0,98.0,98.0,0.0,98.0,0.0,95.0,High,5.0
thailand,2005,94.0,98.0,98.0,0.0,98.0,1.0752688172043001,95.6,High,4.0
thailand,2010,96.0,97.0,97.0,0.0,97.0,2.127659574468077,96.4,High,1.0
thailand,2013,94.0,98.0,99.0,-1.0,98.5,-2.083333333333337,95.80000000000001,High,4.5
thailand,2015,93.0,98.0,98.0,0.0,98.0,-1.0638297872340385,95.0,High,5.0
thailand,2016,91.9814,97.36126,97.63726,-0.27599999999999625,97.49925999999999,-1.095268817204309,94.188544,High,5.517859999999999
thailand,2018,94.0,98.0,99.0,-1.0,98.5,2.194574120420012,95.80000000000001,High,4.5
thailand,2019,91.26915,98.46694,98.57724,-0.11030000000000939,98.52208999999999,-2.905159574468086,94.17032599999999,High,7.252939999999995
thailand,2022,91.09987,97.94499,98.42796,-0.48296999999999457,98.186475,-0.18547340475943974,93.934512,High,7.086605000000006
togo,2000,53.0,84.0,64.0,20.0,74.0,0.0,61.4,Low,21.0
togo,2006,57.0,85.0,68.0,17.0,76.5,7.547169811320753,64.8,Low,19.5
togo,2009,57.0,88.0,75.0,13.0,81.5,0.0,66.8,Low,24.5
togo,2011,60.0,87.0,73.0,14.0,80.0,5.263157894736836,68.0,Low,20.0
togo,2015,64.0,90.0,78.0,12.0,84.0,6.666666666666665,72.0,Medium,20.0
togo,2019,67.0,92.0,84.0,8.0,88.0,4.6875,75.4,Medium,21.0
togo,2022,72.59589,93.32553,87.65002,5.675510000000003,90.487775,8.352074626865669,79.752644,Medium,17.891885000000002
tonga,1996,99.0,99.0,99.0,0.0,99.0,0.0,99.0,High,0.0
tonga,2006,99.0,99.0,100.0,-1.0,99.5,0.0,99.2,High,0.5
tonga,2011,99.0,99.0,100.0,-1.0,99.5,0.0,99.2,High,0.5
tonga,2016,97.0,98.0,98.0,0.0,98.0,-2.020202020202022,97.4,High,1.0
tonga,2019,91.05162,99.91556,99.87335,0.042209999999997194,99.894455,-6.132350515463914,94.588754,High,8.842834999999994
trinidad and tobago,1990,97.0,99.0,99.0,0.0,99.0,0.0,97.8,High,2.0
tunisia,2004,74.0,96.0,92.0,4.0,94.0,0.0,82.0,Medium,20.0
tunisia,2007,77.0,98.0,95.0,3.0,96.5,4.054054054054057,84.8,Medium,19.5
tunisia,2008,78.0,98.0,95.0,3.0,96.5,1.298701298701288,85.4,Medium,18.5
tunisia,2010,79.0,98.0,96.0,2.0,97.0,1.2820512820512775,86.2,Medium,18.0
tunisia,2011,80.0,98.0,96.0,2.0,97.0,1.2658227848101333,86.80000000000001,Medium,17.0
tunisia,2012,80.0,98.0,96.0,2.0,97.0,0.0,86.80000000000001,Medium,17.0
tunisia,2014,79.0,97.0,96.0,1.0,96.5,-1.2499999999999956,86.0,Medium,17.5
tunisia,2018,79.47511,98.38471,97.53666,0.8480500000000006,97.960685,0.6014050632911383,86.86934,Medium,18.485574999999997
tunisia,2019,81.0,97.0,97.0,0.0,97.0,1.9187013393249686,87.4,High,16.0
tunisia,2021,83.68263,98.83691,99.05225,-0.21533999999999764,98.94458,3.311888888888892,89.78741,High,15.261949999999999
tunisia,2023,86.24682,98.1943,98.12705,0.06725000000000136,98.160675,3.064184287707006,91.012362,High,11.913854999999998
turkey,1990,79.0,97.0,88.0,9.0,92.5,0.0,84.4,Medium,13.5
turkey,2004,87.0,98.0,93.0,5.0,95.5,10.126582278481022,90.4,High,8.5
turkey,2005,88.0,98.0,94.0,4.0,96.0,1.1494252873563315,91.2,High,8.0
turkey,2006,88.0,98.0,94.0,4.0,96.0,0.0,91.2,High,8.0
turkey,2007,89.0,99.0,94.0,5.0,96.5,1.1363636363636465,92.0,High,7.5
turkey,2009,91.0,99.0,97.0,2.0,98.0,2.2471910112359605,93.80000000000001,High,7.0
turkey,2010,93.0,99.0,97.0,2.0,98.0,2.19780219780219,95.0,High,5.0
turkey,2011,94.0,99.0,98.0,1.0,98.5,1.0752688172043001,95.80000000000001,High,4.5
turkey,2012,95.0,100.0,98.0,2.0,99.0,1.0638297872340496,96.6,High,4.0
turkey,2013,95.0,100.0,99.0,1.0,99.5,0.0,96.80000000000001,High,4.5
turkey,2014,95.0,100.0,99.0,1.0,99.5,0.0,96.80000000000001,High,4.5
turkey,2015,96.0,100.0,99.0,1.0,99.5,1.0526315789473717,97.4,High,3.5
turkey,2016,96.0,100.0,99.0,1.0,99.5,0.0,97.4,High,3.5
turkey,2017,96.0,100.0,100.0,0.0,100.0,0.0,97.6,High,4.0
turkey,2019,97.0,100.0,100.0,0.0,100.0,1.041666666666674,98.19999999999999,High,3.0
turkey,2021,97.0,100.0,100.0,0.0,100.0,0.0,98.19999999999999,High,3.0
turkmenistan,1995,99.0,100.0,100.0,0.0,100.0,0.0,99.4,High,1.0
uganda,1991,56.0,77.0,63.0,14.0,70.0,0.0,61.6,Low,14.0
uganda,2002,68.0,86.0,76.0,10.0,81.0,21.42857142857142,73.19999999999999,Medium,13.0
uganda,2006,71.0,87.0,81.0,6.0,84.0,4.4117647058823595,76.2,Medium,13.0
uganda,2010,73.0,90.0,85.0,5.0,87.5,2.8169014084507005,78.8,Medium,14.5
uganda,2012,70.0,86.0,82.0,4.0,84.0,-4.109589041095896,75.6,Medium,14.0
uganda,2016,69.10132,81.41776,78.18981,3.227950000000007,79.803785,-1.283828571428569,73.382306,Medium,10.702465000000004
ukraine,2001,99.0,100.0,100.0,0.0,100.0,0.0,99.4,High,1.0
united arab emirates,2005,90.0,94.0,97.0,-3.0,95.5,0.0,92.2,High,5.5
united arab emirates,2019,98.0,98.0,99.0,-1.0,98.5,8.888888888888879,98.2,High,0.5
united arab emirates,2021,98.0,100.0,100.0,0.0,100.0,0.0,98.8,High,2.0
united arab emirates,2022,98.0,100.0,100.0,0.0,100.0,0.0,98.8,High,2.0
united arab emirates,2023,98.0,100.0,100.0,0.0,100.0,0.0,98.8,High,2.0
uruguay,1996,97.0,98.0,99.0,-1.0,98.5,0.0,97.6,High,1.5
uruguay,2006,98.0,98.0,99.0,-1.0,98.5,1.0309278350515427,98.2,High,0.5
uruguay,2007,98.0,98.0,99.0,-1.0,98.5,0.0,98.2,High,0.5
uruguay,2008,98.0,98.6,99.2,-0.6000000000000085,98.9,0.0,98.36,High,0.9000000000000057
uruguay,2009,98.0,98.6,99.3,-0.7000000000000028,98.94999999999999,0.0,98.38,High,0.9499999999999886
uruguay,2010,98.0,98.4,99.2,-0.7999999999999972,98.80000000000001,0.0,98.32000000000001,High,0.8000000000000114
uruguay,2011,98.0,98.6,99.1,-0.5,98.85,0.0,98.34,High,0.8499999999999943
uruguay,2012,98.0,98.6,99.3,-0.7000000000000028,98.94999999999999,0.0,98.38,High,0.9499999999999886
uruguay,2013,98.0,98.6,99.3,-0.7000000000000028,98.94999999999999,0.0,98.38,High,0.9499999999999886
uruguay,2014,98.0,98.3,99.4,-1.1000000000000085,98.85,0.0,98.34,High,0.8499999999999943
uruguay,2015,99.0,98.6,99.2,-0.6000000000000085,98.9,1.0204081632652962,98.96000000000001,High,-0.09999999999999432
uruguay,2016,99.0,98.9,99.4,-0.5,99.15,0.0,99.06,High,0.15000000000000568
uruguay,2017,99.0,98.6,99.3,-0.7000000000000028,98.94999999999999,0.0,98.97999999999999,High,-0.05000000000001137
uruguay,2018,99.0,98.6,99.2,-0.6000000000000085,98.9,0.0,98.96000000000001,High,-0.09999999999999432
uruguay,2019,99.0,98.7,99.3,-0.5999999999999943,99.0,0.0,99.0,High,0.0
uruguay,2022,99.0,98.9,99.4,-0.5,99.15,0.0,99.06,High,0.15000000000000568
uzbekistan,2000,99.0,100.0,100.0,0.0,100.0,0.0,99.4,High,1.0
uzbekistan,2013,100.0,100.0,100.0,0.0,100.0,1.0101010101010166,100.0,High,0.0
uzbekistan,2014,100.0,100.0,100.0,0.0,100.0,0.0,100.0,High,0.0
uzbekistan,2015,100.0,100.0,100.0,0.0,100.0,0.0,100.0,High,0.0
uzbekistan,2016,100.0,100.0,100.0,0.0,100.0,0.0,100.0,High,0.0
uzbekistan,2018,100.0,100.0,100.0,0.0,100.0,0.0,100.0,High,0.0
uzbekistan,2019,100.0,100.0,100.0,0.0,100.0,0.0,100.0,High,0.0
uzbekistan,2021,100.0,100.0,100.0,0.0,100.0,0.0,100.0,High,0.0
uzbekistan,2022,100.0,100.0,100.0,0.0,100.0,0.0,100.0,High,0.0
vanuatu,2023,87.96032,93.36447,94.51224,-1.1477700000000084,93.938355,0.0,90.35153399999999,High,5.9780350000000055
venezuela,1990,90.0,95.0,96.0,-1.0,95.5,0.0,92.2,High,5.5
venezuela,2001,93.0,97.0,98.3,-1.2999999999999972,97.65,3.3333333333333437,94.86,High,4.650000000000006
venezuela,2007,95.0,98.0,98.8,-0.7999999999999972,98.4,2.1505376344086002,96.36000000000001,High,3.4000000000000057
venezuela,2009,96.0,98.3,98.8,-0.5,98.55,1.0526315789473717,97.02,High,2.549999999999997
venezuela,2011,95.0,98.3,99.0,-0.7000000000000028,98.65,-1.041666666666663,96.46000000000001,High,3.6500000000000057
venezuela,2015,97.0,99.0,99.0,0.0,99.0,2.1052631578947434,97.8,High,2.0
venezuela,2016,97.0,98.0,99.0,-1.0,98.5,0.0,97.6,High,1.5
vietnam,1999,90.0,95.0,94.0,1.0,94.5,0.0,91.80000000000001,High,4.5
vietnam,2000,90.0,96.0,94.0,2.0,95.0,0.0,92.0,High,5.0
vietnam,2009,94.0,97.0,97.0,0.0,97.0,4.444444444444451,95.2,High,3.0
vietnam,2019,96.0,99.0,99.0,0.0,99.0,2.127659574468077,97.19999999999999,High,3.0
vietnam,2022,96.0,99.0,99.0,0.0,99.0,0.0,97.19999999999999,High,3.0
yemen,1994,37.0,83.0,35.0,48.0,59.0,0.0,45.8,Low,22.0
zambia,1990,65.0,67.0,66.0,1.0,66.5,0.0,65.6,Medium,1.5
zambia,1999,68.0,73.0,66.0,7.0,69.5,4.615384615384621,68.6,Medium,1.5
zambia,2002,69.0,78.0,66.0,12.0,72.0,1.4705882352941124,70.2,Medium,3.0
zambia,2010,83.0,91.0,87.0,4.0,89.0,20.28985507246377,85.4,High,6.0
zambia,2018,71.1323,82.44786,72.90992,9.537940000000006,77.67889,-14.298433734939753,73.750936,Medium,6.546589999999995
zimbabwe,1992,84.0,97.0,94.0,3.0,95.5,0.0,88.6,High,11.5
zimbabwe,2019,93.22755,90.77383,94.2159,-3.442070000000001,92.494865,10.985178571428555,92.934476,High,-0.7326849999999894
